query_id,model_id,bs,seq_len,latency
1.0,6.0,32.0,8.0,17.46511459350586
2.0,6.0,32.0,64.0,34.22355651855469
3.0,6.0,16.0,16.0,10.736942291259766
4.0,6.0,4.0,32.0,13.120889663696289
5.0,6.0,4.0,32.0,13.512611389160156
6.0,6.0,16.0,64.0,17.432451248168945
7.0,6.0,8.0,64.0,10.664701461791992
8.0,6.0,16.0,8.0,13.140439987182617
9.0,6.0,32.0,8.0,14.687538146972656
10.0,6.0,16.0,16.0,15.820503234863281
11.0,6.0,4.0,16.0,15.931129455566406
12.0,6.0,8.0,64.0,16.751766204833984
13.0,6.0,16.0,64.0,17.339706420898438
14.0,6.0,16.0,8.0,21.278858184814453
15.0,6.0,8.0,32.0,11.78598403930664
16.0,6.0,32.0,32.0,17.469167709350586
17.0,6.0,8.0,16.0,20.353078842163086
18.0,6.0,16.0,64.0,17.426490783691406
19.0,6.0,8.0,16.0,10.758399963378906
20.0,6.0,32.0,32.0,21.048307418823242
21.0,6.0,32.0,32.0,17.17686653137207
22.0,6.0,16.0,8.0,14.41502571105957
23.0,6.0,32.0,32.0,20.43938636779785
24.0,6.0,16.0,8.0,11.374473571777344
25.0,6.0,8.0,32.0,11.922836303710938
26.0,6.0,4.0,16.0,15.540599822998047
27.0,6.0,4.0,8.0,17.513513565063477
28.0,6.0,4.0,64.0,23.70619773864746
29.0,6.0,4.0,8.0,15.009164810180664
30.0,6.0,8.0,8.0,14.88947868347168
31.0,6.0,4.0,8.0,10.938167572021484
32.0,6.0,16.0,8.0,11.842012405395508
33.0,6.0,16.0,32.0,12.286186218261719
34.0,6.0,32.0,8.0,16.440868377685547
35.0,6.0,32.0,16.0,13.46278190612793
36.0,6.0,32.0,16.0,16.164779663085938
37.0,6.0,4.0,16.0,10.975122451782227
38.0,6.0,16.0,8.0,15.153646469116211
39.0,6.0,4.0,64.0,10.187149047851562
40.0,6.0,16.0,32.0,14.731407165527344
41.0,6.0,16.0,16.0,15.514612197875977
42.0,6.0,4.0,32.0,16.10398292541504
43.0,6.0,8.0,16.0,11.137962341308594
44.0,6.0,16.0,32.0,20.834684371948242
45.0,6.0,32.0,64.0,53.85947227478027
46.0,6.0,8.0,32.0,11.04879379272461
47.0,6.0,32.0,64.0,58.745622634887695
48.0,6.0,32.0,8.0,47.93906211853027
49.0,6.0,16.0,16.0,55.84406852722168
50.0,6.0,32.0,8.0,20.859479904174805
51.0,6.0,16.0,64.0,25.56467056274414
52.0,6.0,32.0,16.0,10.719776153564453
53.0,6.0,8.0,8.0,14.252185821533203
54.0,6.0,32.0,32.0,20.618438720703125
55.0,6.0,4.0,8.0,11.348247528076172
56.0,6.0,8.0,32.0,11.976003646850586
57.0,6.0,8.0,8.0,13.141393661499023
58.0,6.0,32.0,8.0,10.487079620361328
59.0,6.0,32.0,8.0,14.188766479492188
60.0,6.0,16.0,8.0,12.793540954589844
61.0,6.0,4.0,8.0,12.25423812866211
62.0,6.0,16.0,32.0,14.209508895874023
63.0,6.0,4.0,64.0,10.604619979858398
64.0,6.0,16.0,16.0,14.466047286987305
65.0,6.0,16.0,8.0,10.768651962280273
66.0,6.0,16.0,32.0,10.553359985351562
67.0,6.0,16.0,8.0,10.753393173217773
68.0,6.0,8.0,32.0,14.080524444580078
69.0,6.0,8.0,32.0,12.262821197509766
70.0,6.0,8.0,8.0,11.629343032836914
71.0,6.0,4.0,32.0,17.63439178466797
72.0,6.0,16.0,64.0,20.720481872558594
73.0,6.0,32.0,64.0,36.47351264953613
74.0,6.0,16.0,8.0,38.96617889404297
75.0,6.0,32.0,64.0,36.35883331298828
76.0,6.0,8.0,16.0,37.40859031677246
77.0,6.0,4.0,8.0,20.29109001159668
78.0,6.0,8.0,8.0,10.807275772094727
79.0,6.0,32.0,32.0,20.540952682495117
80.0,6.0,8.0,64.0,31.492948532104492
81.0,6.0,16.0,16.0,10.021448135375977
82.0,6.0,4.0,8.0,15.020608901977539
83.0,6.0,32.0,16.0,12.127876281738281
84.0,6.0,16.0,16.0,11.795759201049805
85.0,6.0,8.0,16.0,13.963699340820312
86.0,6.0,32.0,32.0,27.73261070251465
87.0,6.0,32.0,16.0,25.56324005126953
88.0,6.0,32.0,64.0,67.78073310852051
89.0,6.0,32.0,16.0,15.361547470092773
90.0,6.0,16.0,32.0,12.183427810668945
91.0,6.0,16.0,16.0,21.99244499206543
92.0,6.0,32.0,8.0,10.088682174682617
93.0,6.0,4.0,8.0,12.024641036987305
94.0,6.0,16.0,8.0,12.711763381958008
95.0,6.0,8.0,16.0,14.30821418762207
96.0,6.0,32.0,8.0,10.755777359008789
97.0,6.0,4.0,64.0,15.19632339477539
98.0,6.0,32.0,64.0,38.450002670288086
99.0,6.0,8.0,8.0,22.80712127685547
100.0,6.0,16.0,32.0,11.16490364074707
101.0,6.0,16.0,32.0,15.129327774047852
102.0,6.0,32.0,8.0,19.855737686157227
103.0,6.0,8.0,16.0,10.84280014038086
104.0,6.0,16.0,8.0,10.692358016967773
105.0,6.0,8.0,64.0,11.677265167236328
106.0,6.0,8.0,32.0,10.229110717773438
107.0,6.0,32.0,64.0,38.36774826049805
108.0,6.0,32.0,16.0,46.63491249084473
109.0,6.0,8.0,32.0,52.802085876464844
110.0,6.0,16.0,16.0,60.546159744262695
111.0,6.0,32.0,8.0,10.397672653198242
112.0,6.0,32.0,32.0,20.220279693603516
113.0,6.0,16.0,16.0,9.907960891723633
114.0,6.0,4.0,16.0,14.41812515258789
115.0,6.0,32.0,32.0,24.396419525146484
116.0,6.0,4.0,8.0,10.787487030029297
117.0,6.0,4.0,16.0,13.952016830444336
118.0,6.0,32.0,32.0,25.530576705932617
119.0,6.0,32.0,8.0,26.920080184936523
120.0,6.0,4.0,64.0,23.61893653869629
121.0,6.0,4.0,64.0,9.262561798095703
122.0,6.0,4.0,64.0,13.257026672363281
123.0,6.0,4.0,32.0,10.70094108581543
124.0,6.0,4.0,32.0,11.996984481811523
125.0,6.0,8.0,32.0,10.898590087890625
126.0,6.0,8.0,16.0,11.291027069091797
127.0,6.0,4.0,8.0,13.797760009765625
128.0,6.0,4.0,16.0,11.785268783569336
129.0,6.0,4.0,64.0,9.293794631958008
130.0,6.0,16.0,16.0,13.547897338867188
131.0,6.0,16.0,32.0,16.21723175048828
132.0,6.0,16.0,32.0,16.144990921020508
133.0,6.0,4.0,8.0,10.945796966552734
134.0,6.0,8.0,16.0,15.463829040527344
135.0,6.0,8.0,16.0,12.604475021362305
136.0,6.0,32.0,8.0,10.417461395263672
137.0,6.0,32.0,8.0,10.693788528442383
138.0,6.0,16.0,64.0,30.780792236328125
139.0,6.0,16.0,32.0,36.10682487487793
140.0,6.0,16.0,8.0,11.101722717285156
141.0,6.0,32.0,32.0,29.831886291503906
142.0,6.0,16.0,64.0,30.092716217041016
143.0,6.0,4.0,32.0,22.78876304626465
144.0,6.0,8.0,64.0,22.22466468811035
145.0,6.0,32.0,64.0,39.87002372741699
146.0,6.0,32.0,32.0,44.02947425842285
147.0,6.0,4.0,64.0,32.50885009765625
148.0,6.0,32.0,64.0,39.2758846282959
149.0,6.0,4.0,32.0,28.36132049560547
150.0,6.0,32.0,8.0,21.320104598999023
151.0,6.0,8.0,64.0,13.403892517089844
152.0,6.0,4.0,8.0,20.86639404296875
153.0,6.0,4.0,8.0,11.434316635131836
154.0,6.0,32.0,64.0,34.2106819152832
155.0,6.0,16.0,32.0,20.601272583007812
156.0,6.0,4.0,8.0,14.25933837890625
157.0,6.0,16.0,8.0,16.947507858276367
158.0,6.0,8.0,8.0,18.942832946777344
159.0,6.0,16.0,16.0,18.12887191772461
160.0,6.0,32.0,64.0,34.01017189025879
161.0,6.0,16.0,16.0,10.173797607421875
162.0,6.0,4.0,64.0,11.981010437011719
163.0,6.0,8.0,32.0,11.650800704956055
164.0,6.0,32.0,16.0,14.647245407104492
165.0,6.0,16.0,64.0,17.596721649169922
166.0,6.0,8.0,64.0,10.17451286315918
167.0,6.0,8.0,8.0,11.026859283447266
168.0,6.0,4.0,8.0,16.321897506713867
169.0,6.0,32.0,8.0,11.066675186157227
170.0,6.0,4.0,32.0,11.58595085144043
171.0,6.0,8.0,16.0,19.520044326782227
172.0,6.0,32.0,64.0,34.276485443115234
173.0,6.0,16.0,64.0,35.080909729003906
174.0,6.0,8.0,32.0,10.692119598388672
175.0,6.0,8.0,64.0,10.843038558959961
176.0,6.0,32.0,64.0,34.45768356323242
177.0,6.0,8.0,16.0,19.040584564208984
178.0,6.0,4.0,64.0,10.853767395019531
179.0,6.0,4.0,16.0,11.37542724609375
180.0,6.0,8.0,16.0,15.30003547668457
181.0,6.0,16.0,32.0,21.463871002197266
182.0,6.0,32.0,64.0,34.177303314208984
183.0,6.0,32.0,16.0,13.878107070922852
184.0,6.0,4.0,8.0,13.726472854614258
185.0,6.0,16.0,8.0,13.279438018798828
186.0,6.0,32.0,16.0,11.178970336914062
187.0,6.0,8.0,64.0,16.50691032409668
188.0,6.0,4.0,8.0,14.276981353759766
189.0,6.0,32.0,32.0,17.48490333557129
190.0,6.0,4.0,16.0,14.841556549072266
191.0,6.0,16.0,16.0,23.088693618774414
192.0,6.0,16.0,32.0,27.321815490722656
193.0,6.0,16.0,16.0,15.482902526855469
194.0,6.0,4.0,8.0,11.947393417358398
195.0,6.0,32.0,8.0,10.89930534362793
196.0,6.0,32.0,64.0,34.197330474853516
197.0,6.0,8.0,8.0,14.023065567016602
198.0,6.0,8.0,64.0,17.62700080871582
199.0,6.0,32.0,8.0,10.78176498413086
200.0,6.0,8.0,16.0,16.804933547973633
201.0,6.0,16.0,64.0,17.58122444152832
202.0,6.0,16.0,16.0,15.46478271484375
203.0,6.0,32.0,32.0,17.542600631713867
204.0,6.0,4.0,8.0,12.326478958129883
205.0,6.0,8.0,16.0,14.560937881469727
206.0,6.0,4.0,64.0,11.789798736572266
207.0,6.0,16.0,8.0,17.20404624938965
208.0,6.0,16.0,16.0,17.483234405517578
209.0,6.0,16.0,32.0,13.602256774902344
210.0,6.0,32.0,32.0,32.31930732727051
211.0,6.0,4.0,32.0,11.644601821899414
212.0,6.0,4.0,16.0,11.423587799072266
213.0,6.0,8.0,8.0,14.976024627685547
214.0,6.0,32.0,16.0,15.390157699584961
215.0,6.0,8.0,64.0,13.164281845092773
216.0,6.0,8.0,64.0,13.194084167480469
217.0,6.0,4.0,32.0,11.300802230834961
218.0,6.0,4.0,16.0,11.39974594116211
219.0,6.0,32.0,64.0,44.41070556640625
220.0,6.0,4.0,32.0,15.158891677856445
221.0,6.0,8.0,32.0,16.896486282348633
222.0,6.0,4.0,16.0,11.524438858032227
223.0,6.0,8.0,32.0,14.339685440063477
224.0,6.0,8.0,32.0,14.696121215820312
225.0,6.0,16.0,8.0,14.772176742553711
226.0,6.0,4.0,16.0,11.45029067993164
227.0,6.0,4.0,8.0,11.785268783569336
228.0,6.0,8.0,32.0,20.342350006103516
229.0,6.0,16.0,64.0,39.87884521484375
230.0,6.0,8.0,64.0,13.196706771850586
231.0,6.0,16.0,16.0,14.909744262695312
232.0,6.0,32.0,64.0,47.12724685668945
233.0,6.0,16.0,64.0,23.398637771606445
234.0,6.0,4.0,64.0,10.761022567749023
235.0,6.0,8.0,16.0,13.249874114990234
236.0,6.0,8.0,16.0,11.788606643676758
237.0,6.0,8.0,16.0,12.563705444335938
238.0,6.0,4.0,64.0,15.252113342285156
239.0,6.0,4.0,32.0,11.955976486206055
240.0,6.0,32.0,8.0,10.683298110961914
241.0,6.0,16.0,32.0,11.77835464477539
242.0,6.0,16.0,16.0,10.640144348144531
243.0,6.0,32.0,64.0,40.00711441040039
244.0,6.0,16.0,64.0,28.86033058166504
245.0,6.0,16.0,8.0,10.771989822387695
246.0,6.0,4.0,64.0,9.549379348754883
247.0,6.0,4.0,32.0,13.543367385864258
248.0,6.0,16.0,16.0,9.581565856933594
249.0,6.0,16.0,16.0,13.737201690673828
250.0,6.0,16.0,16.0,16.580820083618164
1.0,1.0,32.0,0.0,102.46849060058594
2.0,1.0,32.0,0.0,98.84500503540039
3.0,1.0,16.0,0.0,127.87890434265137
4.0,1.0,8.0,0.0,28.30791473388672
5.0,1.0,4.0,0.0,19.89150047302246
6.0,1.0,8.0,0.0,28.25331687927246
7.0,1.0,4.0,0.0,17.760276794433594
8.0,1.0,4.0,0.0,25.86984634399414
9.0,1.0,8.0,0.0,28.12933921813965
10.0,1.0,16.0,0.0,52.14977264404297
11.0,1.0,4.0,0.0,23.334980010986328
12.0,1.0,32.0,0.0,98.54698181152344
13.0,1.0,16.0,0.0,52.622079849243164
14.0,1.0,4.0,0.0,16.340970993041992
15.0,1.0,8.0,0.0,28.0609130859375
16.0,1.0,8.0,0.0,28.042078018188477
17.0,1.0,16.0,0.0,52.15048789978027
18.0,1.0,16.0,0.0,96.89712524414062
19.0,1.0,8.0,0.0,116.03355407714844
20.0,1.0,32.0,0.0,153.67817878723145
21.0,1.0,16.0,0.0,160.5079174041748
22.0,1.0,8.0,0.0,122.49445915222168
23.0,1.0,16.0,0.0,158.42890739440918
24.0,1.0,8.0,0.0,113.39402198791504
25.0,1.0,4.0,0.0,123.92830848693848
26.0,1.0,16.0,0.0,52.141666412353516
27.0,1.0,32.0,0.0,98.66571426391602
28.0,1.0,16.0,0.0,52.187204360961914
29.0,1.0,4.0,0.0,23.233413696289062
30.0,1.0,16.0,0.0,52.28471755981445
31.0,1.0,16.0,0.0,52.232980728149414
32.0,1.0,16.0,0.0,82.7479362487793
33.0,1.0,4.0,0.0,22.21822738647461
34.0,1.0,8.0,0.0,27.983665466308594
35.0,1.0,4.0,0.0,21.486759185791016
36.0,1.0,8.0,0.0,28.043270111083984
37.0,1.0,16.0,0.0,69.82135772705078
38.0,1.0,4.0,0.0,48.57611656188965
39.0,1.0,8.0,0.0,73.49252700805664
40.0,1.0,4.0,0.0,31.994342803955078
41.0,1.0,4.0,0.0,29.140949249267578
42.0,1.0,4.0,0.0,26.316165924072266
43.0,1.0,8.0,0.0,48.707008361816406
44.0,1.0,4.0,0.0,37.18924522399902
45.0,1.0,32.0,0.0,101.3021469116211
46.0,1.0,32.0,0.0,108.02412033081055
47.0,1.0,8.0,0.0,113.22689056396484
48.0,1.0,8.0,0.0,49.494266510009766
49.0,1.0,16.0,0.0,52.94156074523926
50.0,1.0,32.0,0.0,119.17662620544434
51.0,1.0,32.0,0.0,148.3004093170166
52,1,32,0,-1
53.0,1.0,4.0,0.0,85.04295349121094
54.0,1.0,16.0,0.0,124.4807243347168
55.0,1.0,8.0,0.0,48.479557037353516
56.0,1.0,32.0,0.0,98.84095191955566
57.0,1.0,16.0,0.0,52.15334892272949
58.0,1.0,32.0,0.0,98.58131408691406
59.0,1.0,4.0,0.0,17.7156925201416
60.0,1.0,16.0,0.0,52.44565010070801
61.0,1.0,32.0,0.0,98.61040115356445
62.0,1.0,32.0,0.0,175.94337463378906
63.0,1.0,32.0,0.0,179.0597438812256
64,1,4,0,-1
65.0,1.0,32.0,0.0,224.19023513793945
66,1,4,0,-1
67.0,1.0,16.0,0.0,52.216291427612305
68.0,1.0,32.0,0.0,98.59156608581543
69.0,1.0,4.0,0.0,111.29570007324219
70.0,1.0,32.0,0.0,148.6532688140869
71.0,1.0,8.0,0.0,28.17821502685547
72.0,1.0,4.0,0.0,17.681598663330078
73.0,1.0,8.0,0.0,28.0759334564209
74.0,1.0,8.0,0.0,39.68620300292969
75.0,1.0,32.0,0.0,112.92719841003418
76.0,1.0,32.0,0.0,162.11271286010742
77,1,8,0,-1
78.0,1.0,8.0,0.0,36.266326904296875
79.0,1.0,4.0,0.0,43.096303939819336
80.0,1.0,16.0,0.0,52.16836929321289
81.0,1.0,4.0,0.0,50.94575881958008
82.0,1.0,32.0,0.0,98.7250804901123
83.0,1.0,8.0,0.0,30.62582015991211
84.0,1.0,16.0,0.0,52.37531661987305
85.0,1.0,16.0,0.0,68.25137138366699
86.0,1.0,16.0,0.0,109.18259620666504
87.0,1.0,4.0,0.0,94.44284439086914
88.0,1.0,8.0,0.0,90.58856964111328
89.0,1.0,8.0,0.0,94.35200691223145
90.0,1.0,8.0,0.0,87.82649040222168
91.0,1.0,4.0,0.0,94.60043907165527
92.0,1.0,16.0,0.0,118.38960647583008
93.0,1.0,4.0,0.0,94.98476982116699
94.0,1.0,16.0,0.0,105.88240623474121
95.0,1.0,32.0,0.0,154.99448776245117
96.0,1.0,16.0,0.0,156.8746566772461
97,1,32,0,-1
98.0,1.0,4.0,0.0,17.07601547241211
99.0,1.0,4.0,0.0,28.00273895263672
100.0,1.0,32.0,0.0,99.23481941223145
101.0,1.0,32.0,0.0,197.07179069519043
102,1,16,0,-1
103.0,1.0,16.0,0.0,160.8908176422119
104.0,1.0,16.0,0.0,53.308963775634766
105.0,1.0,4.0,0.0,32.2718620300293
106.0,1.0,8.0,0.0,55.10210990905762
107.0,1.0,16.0,0.0,52.561044692993164
108.0,1.0,8.0,0.0,28.096437454223633
109.0,1.0,32.0,0.0,98.8616943359375
110.0,1.0,8.0,0.0,118.25823783874512
111.0,1.0,32.0,0.0,182.2373867034912
112.0,1.0,32.0,0.0,98.96588325500488
113.0,1.0,16.0,0.0,87.04113960266113
114.0,1.0,8.0,0.0,28.13553810119629
115.0,1.0,16.0,0.0,52.64735221862793
116.0,1.0,8.0,0.0,79.64897155761719
117.0,1.0,8.0,0.0,104.65049743652344
118.0,1.0,32.0,0.0,132.31348991394043
119.0,1.0,4.0,0.0,81.66956901550293
120.0,1.0,4.0,0.0,16.831398010253906
121.0,1.0,32.0,0.0,98.78373146057129
122.0,1.0,8.0,0.0,125.36764144897461
123.0,1.0,32.0,0.0,98.84285926818848
124.0,1.0,4.0,0.0,16.422271728515625
125.0,1.0,8.0,0.0,28.383731842041016
126.0,1.0,32.0,0.0,98.90198707580566
127.0,1.0,32.0,0.0,138.29660415649414
128.0,1.0,4.0,0.0,18.985271453857422
129.0,1.0,16.0,0.0,52.732229232788086
130.0,1.0,32.0,0.0,98.8776683807373
131.0,1.0,16.0,0.0,119.88091468811035
132.0,1.0,32.0,0.0,98.8314151763916
133.0,1.0,8.0,0.0,89.76554870605469
134.0,1.0,16.0,0.0,128.13830375671387
135.0,1.0,32.0,0.0,200.64735412597656
136.0,1.0,4.0,0.0,17.588138580322266
137.0,1.0,16.0,0.0,57.7540397644043
138.0,1.0,32.0,0.0,99.3494987487793
139.0,1.0,4.0,0.0,115.08727073669434
140.0,1.0,4.0,0.0,85.62207221984863
141.0,1.0,8.0,0.0,28.339862823486328
142.0,1.0,16.0,0.0,52.28090286254883
143.0,1.0,32.0,0.0,142.05574989318848
144.0,1.0,32.0,0.0,203.39727401733398
145.0,1.0,16.0,0.0,91.64023399353027
146.0,1.0,32.0,0.0,109.27963256835938
147.0,1.0,4.0,0.0,16.546010971069336
148.0,1.0,32.0,0.0,98.83761405944824
149.0,1.0,8.0,0.0,123.60763549804688
150.0,1.0,4.0,0.0,103.93047332763672
151.0,1.0,4.0,0.0,86.6396427154541
152.0,1.0,4.0,0.0,17.02117919921875
153.0,1.0,32.0,0.0,98.78301620483398
154.0,1.0,8.0,0.0,106.50515556335449
155.0,1.0,32.0,0.0,98.76441955566406
156.0,1.0,32.0,0.0,98.97375106811523
157.0,1.0,8.0,0.0,28.249025344848633
158.0,1.0,32.0,0.0,118.73173713684082
159.0,1.0,16.0,0.0,52.37579345703125
160.0,1.0,4.0,0.0,66.89834594726562
161.0,1.0,4.0,0.0,77.23855972290039
162.0,1.0,4.0,0.0,59.47589874267578
163.0,1.0,4.0,0.0,43.15543174743652
164.0,1.0,8.0,0.0,29.81090545654297
165.0,1.0,16.0,0.0,63.715219497680664
166.0,1.0,8.0,0.0,28.206348419189453
167.0,1.0,4.0,0.0,24.05238151550293
168.0,1.0,16.0,0.0,60.00995635986328
169.0,1.0,8.0,0.0,55.35721778869629
170.0,1.0,16.0,0.0,105.27324676513672
171.0,1.0,16.0,0.0,125.96940994262695
172.0,1.0,4.0,0.0,16.51906967163086
173.0,1.0,16.0,0.0,52.283287048339844
174.0,1.0,8.0,0.0,28.140544891357422
175.0,1.0,16.0,0.0,52.33955383300781
176.0,1.0,8.0,0.0,28.19681167602539
177.0,1.0,4.0,0.0,23.44059944152832
178.0,1.0,32.0,0.0,98.85334968566895
179.0,1.0,8.0,0.0,56.19192123413086
180.0,1.0,32.0,0.0,99.0455150604248
181.0,1.0,16.0,0.0,123.56162071228027
182.0,1.0,32.0,0.0,153.17273139953613
183,1,4,0,-1
184.0,1.0,32.0,0.0,167.2077178955078
185.0,1.0,16.0,0.0,179.1555881500244
186,1,4,0,-1
187.0,1.0,16.0,0.0,53.06410789489746
188.0,1.0,8.0,0.0,28.40709686279297
189.0,1.0,8.0,0.0,28.649091720581055
190.0,1.0,8.0,0.0,28.567075729370117
191.0,1.0,8.0,0.0,28.25760841369629
192.0,1.0,4.0,0.0,19.184112548828125
193.0,1.0,16.0,0.0,52.4134635925293
194.0,1.0,32.0,0.0,98.71172904968262
195.0,1.0,16.0,0.0,52.34503746032715
196.0,1.0,16.0,0.0,103.75118255615234
197.0,1.0,32.0,0.0,98.99711608886719
198.0,1.0,8.0,0.0,84.38277244567871
199.0,1.0,4.0,0.0,18.749713897705078
200.0,1.0,4.0,0.0,19.77086067199707
201.0,1.0,32.0,0.0,98.99401664733887
202.0,1.0,16.0,0.0,128.3121109008789
203.0,1.0,8.0,0.0,147.92203903198242
204.0,1.0,16.0,0.0,174.35312271118164
205,1,4,0,-1
206.0,1.0,8.0,0.0,140.78712463378906
207.0,1.0,16.0,0.0,52.25682258605957
208.0,1.0,8.0,0.0,38.982391357421875
209.0,1.0,32.0,0.0,99.20239448547363
210.0,1.0,16.0,0.0,110.39495468139648
211.0,1.0,4.0,0.0,100.14081001281738
212.0,1.0,32.0,0.0,185.51874160766602
213,1,16,0,-1
214.0,1.0,32.0,0.0,181.57529830932617
215.0,1.0,16.0,0.0,156.78787231445312
216.0,1.0,4.0,0.0,123.75211715698242
217.0,1.0,32.0,0.0,141.02554321289062
218.0,1.0,8.0,0.0,141.526460647583
219.0,1.0,32.0,0.0,98.92535209655762
220.0,1.0,4.0,0.0,81.72488212585449
221.0,1.0,32.0,0.0,98.77705574035645
222.0,1.0,4.0,0.0,26.16119384765625
223.0,1.0,16.0,0.0,52.371978759765625
224.0,1.0,16.0,0.0,52.847862243652344
225.0,1.0,32.0,0.0,139.53495025634766
226,1,16,0,-1
227.0,1.0,32.0,0.0,191.8478012084961
228.0,1.0,8.0,0.0,139.4033432006836
229.0,1.0,8.0,0.0,121.76012992858887
230.0,1.0,32.0,0.0,209.84125137329102
231,1,32,0,-1
232.0,1.0,32.0,0.0,148.84281158447266
233.0,1.0,4.0,0.0,44.513702392578125
234.0,1.0,4.0,0.0,24.671554565429688
235.0,1.0,8.0,0.0,50.08745193481445
236.0,1.0,4.0,0.0,31.3870906829834
237.0,1.0,16.0,0.0,52.32715606689453
238.0,1.0,32.0,0.0,98.71554374694824
239.0,1.0,32.0,0.0,150.0566005706787
240.0,1.0,4.0,0.0,114.52507972717285
241.0,1.0,16.0,0.0,135.03289222717285
242,1,4,0,-1
243.0,1.0,32.0,0.0,203.0930519104004
244,1,32,0,-1
245.0,1.0,16.0,0.0,52.42037773132324
246.0,1.0,4.0,0.0,22.2322940826416
247.0,1.0,32.0,0.0,99.03597831726074
248.0,1.0,4.0,0.0,84.99813079833984
249.0,1.0,8.0,0.0,90.11387825012207
250.0,1.0,8.0,0.0,82.7178955078125
1.0,2.0,32.0,0.0,143.54777336120605
2.0,2.0,32.0,0.0,171.3411808013916
3,2,16,0,-1
4.0,2.0,8.0,0.0,39.18886184692383
5.0,2.0,4.0,0.0,29.50906753540039
6.0,2.0,8.0,0.0,43.074607849121094
7.0,2.0,4.0,0.0,33.10894966125488
8.0,2.0,4.0,0.0,48.69389533996582
9.0,2.0,8.0,0.0,39.18910026550293
10.0,2.0,16.0,0.0,72.99017906188965
11.0,2.0,4.0,0.0,51.882266998291016
12.0,2.0,32.0,0.0,137.77828216552734
13.0,2.0,16.0,0.0,112.3652458190918
14.0,2.0,4.0,0.0,63.45820426940918
15.0,2.0,8.0,0.0,39.21771049499512
16.0,2.0,8.0,0.0,39.843082427978516
17.0,2.0,16.0,0.0,72.93510437011719
18.0,2.0,16.0,0.0,138.12780380249023
19.0,2.0,8.0,0.0,168.3335304260254
20.0,2.0,32.0,0.0,244.61650848388672
21,2,16,0,-1
22,2,8,0,-1
23.0,2.0,16.0,0.0,189.76283073425293
24.0,2.0,8.0,0.0,155.79485893249512
25,2,4,0,-1
26.0,2.0,16.0,0.0,72.82257080078125
27.0,2.0,32.0,0.0,137.7558708190918
28.0,2.0,16.0,0.0,73.14729690551758
29.0,2.0,4.0,0.0,51.04780197143555
30.0,2.0,16.0,0.0,93.52588653564453
31.0,2.0,16.0,0.0,98.11258316040039
32.0,2.0,16.0,0.0,149.34968948364258
33.0,2.0,4.0,0.0,79.6816349029541
34.0,2.0,8.0,0.0,87.63313293457031
35.0,2.0,4.0,0.0,26.935815811157227
36.0,2.0,8.0,0.0,39.28041458129883
37.0,2.0,16.0,0.0,101.66192054748535
38.0,2.0,4.0,0.0,91.71223640441895
39.0,2.0,8.0,0.0,128.1266212463379
40.0,2.0,4.0,0.0,32.564401626586914
41.0,2.0,4.0,0.0,24.823665618896484
42.0,2.0,4.0,0.0,24.05571937561035
43.0,2.0,8.0,0.0,57.268619537353516
44.0,2.0,4.0,0.0,47.62887954711914
45.0,2.0,32.0,0.0,137.71343231201172
46.0,2.0,32.0,0.0,182.80673027038574
47,2,8,0,-1
48.0,2.0,8.0,0.0,106.76741600036621
49.0,2.0,16.0,0.0,72.90458679199219
50.0,2.0,32.0,0.0,178.15804481506348
51.0,2.0,32.0,0.0,245.67270278930664
52,2,32,0,-1
53,2,4,0,-1
54,2,16,0,-1
55.0,2.0,8.0,0.0,86.18545532226562
56.0,2.0,32.0,0.0,162.9810333251953
57.0,2.0,16.0,0.0,125.0600814819336
58.0,2.0,32.0,0.0,190.10257720947266
59.0,2.0,4.0,0.0,116.82009696960449
60.0,2.0,16.0,0.0,72.81970977783203
61.0,2.0,32.0,0.0,140.5045986175537
62.0,2.0,32.0,0.0,256.84452056884766
63,2,32,0,-1
64.0,2.0,4.0,0.0,145.8754539489746
65,2,32,0,-1
66.0,2.0,4.0,0.0,62.584638595581055
67.0,2.0,16.0,0.0,72.88241386413574
68.0,2.0,32.0,0.0,157.49573707580566
69,2,4,0,-1
70.0,2.0,32.0,0.0,229.66504096984863
71.0,2.0,8.0,0.0,39.63112831115723
72.0,2.0,4.0,0.0,35.45427322387695
73.0,2.0,8.0,0.0,39.2765998840332
74.0,2.0,8.0,0.0,61.84053421020508
75.0,2.0,32.0,0.0,173.71535301208496
76.0,2.0,32.0,0.0,261.31534576416016
77,2,8,0,-1
78.0,2.0,8.0,0.0,146.61192893981934
79,2,4,0,-1
80.0,2.0,16.0,0.0,72.9360580444336
81.0,2.0,4.0,0.0,78.9799690246582
82.0,2.0,32.0,0.0,137.56752014160156
83.0,2.0,8.0,0.0,80.48415184020996
84.0,2.0,16.0,0.0,117.28239059448242
85.0,2.0,16.0,0.0,153.75995635986328
86,2,16,0,-1
87.0,2.0,4.0,0.0,137.1598243713379
88.0,2.0,8.0,0.0,144.55032348632812
89.0,2.0,8.0,0.0,159.49773788452148
90.0,2.0,8.0,0.0,164.22128677368164
91,2,4,0,-1
92.0,2.0,16.0,0.0,198.9266872406006
93,2,4,0,-1
94.0,2.0,16.0,0.0,190.55700302124023
95,2,32,0,-1
96.0,2.0,16.0,0.0,163.5720729827881
97,2,32,0,-1
98.0,2.0,4.0,0.0,28.536319732666016
99.0,2.0,4.0,0.0,46.80037498474121
100.0,2.0,32.0,0.0,138.07177543640137
101,2,32,0,-1
102.0,2.0,16.0,0.0,164.31021690368652
103.0,2.0,16.0,0.0,194.55575942993164
104.0,2.0,16.0,0.0,73.56595993041992
105.0,2.0,4.0,0.0,54.26979064941406
106.0,2.0,8.0,0.0,88.05584907531738
107.0,2.0,16.0,0.0,73.03690910339355
108.0,2.0,8.0,0.0,59.009552001953125
109.0,2.0,32.0,0.0,137.6645565032959
110.0,2.0,8.0,0.0,168.23983192443848
111,2,32,0,-1
112.0,2.0,32.0,0.0,137.60757446289062
113.0,2.0,16.0,0.0,146.19112014770508
114.0,2.0,8.0,0.0,97.51462936401367
115.0,2.0,16.0,0.0,73.01497459411621
116.0,2.0,8.0,0.0,111.09375953674316
117.0,2.0,8.0,0.0,147.18055725097656
118.0,2.0,32.0,0.0,213.47665786743164
119,2,4,0,-1
120.0,2.0,4.0,0.0,46.689510345458984
121.0,2.0,32.0,0.0,164.43419456481934
122,2,8,0,-1
123.0,2.0,32.0,0.0,148.240327835083
124.0,2.0,4.0,0.0,28.23662757873535
125.0,2.0,8.0,0.0,39.39652442932129
126.0,2.0,32.0,0.0,138.24009895324707
127.0,2.0,32.0,0.0,216.43376350402832
128.0,2.0,4.0,0.0,98.65045547485352
129.0,2.0,16.0,0.0,73.15206527709961
130.0,2.0,32.0,0.0,137.80570030212402
131.0,2.0,16.0,0.0,179.32748794555664
132.0,2.0,32.0,0.0,137.5751495361328
133.0,2.0,8.0,0.0,140.8975124359131
134.0,2.0,16.0,0.0,199.88536834716797
135,2,32,0,-1
136.0,2.0,4.0,0.0,25.174856185913086
137.0,2.0,16.0,0.0,85.88886260986328
138.0,2.0,32.0,0.0,137.54963874816895
139,2,4,0,-1
140.0,2.0,4.0,0.0,110.7943058013916
141.0,2.0,8.0,0.0,39.186716079711914
142.0,2.0,16.0,0.0,72.88575172424316
143.0,2.0,32.0,0.0,201.53117179870605
144,2,32,0,-1
145.0,2.0,16.0,0.0,72.75557518005371
146.0,2.0,32.0,0.0,137.681245803833
147.0,2.0,4.0,0.0,26.95631980895996
148.0,2.0,32.0,0.0,137.7887725830078
149,2,8,0,-1
150.0,2.0,4.0,0.0,122.62606620788574
151.0,2.0,4.0,0.0,112.10227012634277
152.0,2.0,4.0,0.0,23.900985717773438
153.0,2.0,32.0,0.0,138.49878311157227
154.0,2.0,8.0,0.0,157.39011764526367
155.0,2.0,32.0,0.0,137.7274990081787
156.0,2.0,32.0,0.0,137.92657852172852
157.0,2.0,8.0,0.0,39.45016860961914
158.0,2.0,32.0,0.0,168.5161590576172
159.0,2.0,16.0,0.0,120.50843238830566
160.0,2.0,4.0,0.0,141.74222946166992
161,2,4,0,-1
162.0,2.0,4.0,0.0,125.22459030151367
163.0,2.0,4.0,0.0,116.27912521362305
164.0,2.0,8.0,0.0,39.20769691467285
165.0,2.0,16.0,0.0,93.6589241027832
166.0,2.0,8.0,0.0,39.481163024902344
167.0,2.0,4.0,0.0,23.986101150512695
168.0,2.0,16.0,0.0,80.46317100524902
169.0,2.0,8.0,0.0,86.74407005310059
170.0,2.0,16.0,0.0,157.27972984313965
171.0,2.0,16.0,0.0,198.7297534942627
172.0,2.0,4.0,0.0,32.097816467285156
173.0,2.0,16.0,0.0,73.45390319824219
174.0,2.0,8.0,0.0,53.82204055786133
175.0,2.0,16.0,0.0,89.96725082397461
176.0,2.0,8.0,0.0,39.089202880859375
177.0,2.0,4.0,0.0,41.692495346069336
178.0,2.0,32.0,0.0,143.14031600952148
179.0,2.0,8.0,0.0,111.39822006225586
180.0,2.0,32.0,0.0,155.41505813598633
181.0,2.0,16.0,0.0,200.653076171875
182,2,32,0,-1
183.0,2.0,4.0,0.0,149.13010597229004
184.0,2.0,32.0,0.0,208.42885971069336
185,2,16,0,-1
186.0,2.0,4.0,0.0,147.09019660949707
187.0,2.0,16.0,0.0,72.84402847290039
188.0,2.0,8.0,0.0,39.4895076751709
189.0,2.0,8.0,0.0,39.49236869812012
190.0,2.0,8.0,0.0,39.075613021850586
191.0,2.0,8.0,0.0,39.09897804260254
192.0,2.0,4.0,0.0,30.699491500854492
193.0,2.0,16.0,0.0,72.69740104675293
194.0,2.0,32.0,0.0,137.93444633483887
195.0,2.0,16.0,0.0,73.92406463623047
196.0,2.0,16.0,0.0,145.7993984222412
197.0,2.0,32.0,0.0,170.53508758544922
198.0,2.0,8.0,0.0,167.38319396972656
199.0,2.0,4.0,0.0,104.57944869995117
200.0,2.0,4.0,0.0,103.18541526794434
201.0,2.0,32.0,0.0,216.22347831726074
202,2,16,0,-1
203,2,8,0,-1
204,2,16,0,-1
205,2,4,0,-1
206.0,2.0,8.0,0.0,136.83342933654785
207.0,2.0,16.0,0.0,72.69430160522461
208.0,2.0,8.0,0.0,70.29175758361816
209.0,2.0,32.0,0.0,150.97761154174805
210.0,2.0,16.0,0.0,182.68585205078125
211,2,4,0,-1
212,2,32,0,-1
213.0,2.0,16.0,0.0,175.6606101989746
214.0,2.0,32.0,0.0,249.8774528503418
215,2,16,0,-1
216.0,2.0,4.0,0.0,147.3371982574463
217.0,2.0,32.0,0.0,203.4170627593994
218,2,8,0,-1
219.0,2.0,32.0,0.0,145.22218704223633
220.0,2.0,4.0,0.0,135.2829933166504
221.0,2.0,32.0,0.0,137.51816749572754
222.0,2.0,4.0,0.0,72.13878631591797
223.0,2.0,16.0,0.0,110.3506088256836
224.0,2.0,16.0,0.0,73.72903823852539
225.0,2.0,32.0,0.0,199.5398998260498
226,2,16,0,-1
227,2,32,0,-1
228.0,2.0,8.0,0.0,112.49065399169922
229.0,2.0,8.0,0.0,105.85856437683105
230.0,2.0,32.0,0.0,232.48815536499023
231,2,32,0,-1
232.0,2.0,32.0,0.0,210.15572547912598
233.0,2.0,4.0,0.0,111.89651489257812
234.0,2.0,4.0,0.0,67.76762008666992
235.0,2.0,8.0,0.0,104.30169105529785
236.0,2.0,4.0,0.0,93.31536293029785
237.0,2.0,16.0,0.0,93.35494041442871
238.0,2.0,32.0,0.0,137.6931667327881
239.0,2.0,32.0,0.0,227.56099700927734
240,2,4,0,-1
241,2,16,0,-1
242,2,4,0,-1
243.0,2.0,32.0,0.0,250.3495216369629
244,2,32,0,-1
245.0,2.0,16.0,0.0,72.84331321716309
246.0,2.0,4.0,0.0,49.68738555908203
247.0,2.0,32.0,0.0,137.82811164855957
248.0,2.0,4.0,0.0,131.61301612854004
249.0,2.0,8.0,0.0,147.9339599609375
250.0,2.0,8.0,0.0,151.54480934143066
1.0,5.0,32.0,0.0,112.75911331176758
2.0,5.0,32.0,0.0,108.98685455322266
3.0,5.0,16.0,0.0,140.7175064086914
4.0,5.0,8.0,0.0,29.625415802001953
5.0,5.0,4.0,0.0,17.022132873535156
6.0,5.0,8.0,0.0,29.71649169921875
7.0,5.0,4.0,0.0,17.11130142211914
8.0,5.0,4.0,0.0,25.687456130981445
9.0,5.0,8.0,0.0,29.6633243560791
10.0,5.0,16.0,0.0,54.82649803161621
11.0,5.0,4.0,0.0,26.87358856201172
12.0,5.0,32.0,0.0,106.39381408691406
13.0,5.0,16.0,0.0,63.388824462890625
14.0,5.0,4.0,0.0,17.401695251464844
15.0,5.0,8.0,0.0,30.468463897705078
16.0,5.0,8.0,0.0,30.3041934967041
17.0,5.0,16.0,0.0,55.08708953857422
18.0,5.0,16.0,0.0,102.55670547485352
19.0,5.0,8.0,0.0,123.67844581604004
20.0,5.0,32.0,0.0,168.66421699523926
21.0,5.0,16.0,0.0,178.77769470214844
22.0,5.0,8.0,0.0,142.70520210266113
23.0,5.0,16.0,0.0,181.50591850280762
24.0,5.0,8.0,0.0,139.0366554260254
25,5,4,0,-1
26.0,5.0,16.0,0.0,54.773807525634766
27.0,5.0,32.0,0.0,106.0934066772461
28.0,5.0,16.0,0.0,55.741071701049805
29.0,5.0,4.0,0.0,26.877164840698242
30.0,5.0,16.0,0.0,55.426836013793945
31.0,5.0,16.0,0.0,55.622100830078125
32.0,5.0,16.0,0.0,89.56599235534668
33.0,5.0,4.0,0.0,17.418622970581055
34.0,5.0,8.0,0.0,30.176162719726562
35.0,5.0,4.0,0.0,17.411470413208008
36.0,5.0,8.0,0.0,29.887914657592773
37.0,5.0,16.0,0.0,74.18942451477051
38.0,5.0,4.0,0.0,53.16329002380371
39.0,5.0,8.0,0.0,79.87856864929199
40.0,5.0,4.0,0.0,17.151355743408203
41.0,5.0,4.0,0.0,17.46058464050293
42.0,5.0,4.0,0.0,17.108440399169922
43.0,5.0,8.0,0.0,41.268348693847656
44.0,5.0,4.0,0.0,25.264739990234375
45.0,5.0,32.0,0.0,105.89718818664551
46.0,5.0,32.0,0.0,119.6131706237793
47.0,5.0,8.0,0.0,126.71875953674316
48.0,5.0,8.0,0.0,64.67771530151367
49.0,5.0,16.0,0.0,55.33599853515625
50.0,5.0,32.0,0.0,129.43410873413086
51.0,5.0,32.0,0.0,165.75145721435547
52,5,32,0,-1
53.0,5.0,4.0,0.0,101.26543045043945
54.0,5.0,16.0,0.0,143.32890510559082
55.0,5.0,8.0,0.0,68.92824172973633
56.0,5.0,32.0,0.0,114.83526229858398
57.0,5.0,16.0,0.0,60.43601036071777
58.0,5.0,32.0,0.0,106.3227653503418
59.0,5.0,4.0,0.0,26.70121192932129
60.0,5.0,16.0,0.0,55.31597137451172
61.0,5.0,32.0,0.0,106.31561279296875
62.0,5.0,32.0,0.0,191.4689540863037
63.0,5.0,32.0,0.0,202.2573947906494
64,5,4,0,-1
65,5,32,0,-1
66.0,5.0,4.0,0.0,72.57294654846191
67.0,5.0,16.0,0.0,55.83834648132324
68.0,5.0,32.0,0.0,109.54713821411133
69.0,5.0,4.0,0.0,123.27861785888672
70.0,5.0,32.0,0.0,168.51210594177246
71.0,5.0,8.0,0.0,30.188560485839844
72.0,5.0,4.0,0.0,18.21136474609375
73.0,5.0,8.0,0.0,31.49867057800293
74.0,5.0,8.0,0.0,45.239925384521484
75.0,5.0,32.0,0.0,126.04284286499023
76.0,5.0,32.0,0.0,182.4808120727539
77,5,8,0,-1
78.0,5.0,8.0,0.0,58.519601821899414
79.0,5.0,4.0,0.0,66.18976593017578
80.0,5.0,16.0,0.0,55.67646026611328
81.0,5.0,4.0,0.0,55.07636070251465
82.0,5.0,32.0,0.0,106.28819465637207
83.0,5.0,8.0,0.0,40.2531623840332
84.0,5.0,16.0,0.0,59.15260314941406
85.0,5.0,16.0,0.0,77.6677131652832
86.0,5.0,16.0,0.0,120.98932266235352
87.0,5.0,4.0,0.0,106.22859001159668
88.0,5.0,8.0,0.0,104.16984558105469
89.0,5.0,8.0,0.0,109.61771011352539
90.0,5.0,8.0,0.0,104.74300384521484
91.0,5.0,4.0,0.0,112.1366024017334
92.0,5.0,16.0,0.0,138.44609260559082
93.0,5.0,4.0,0.0,115.5388355255127
94.0,5.0,16.0,0.0,129.18949127197266
95.0,5.0,32.0,0.0,185.4422092437744
96,5,16,0,-1
97,5,32,0,-1
98.0,5.0,4.0,0.0,17.10367202758789
99.0,5.0,4.0,0.0,28.656959533691406
100.0,5.0,32.0,0.0,105.79442977905273
101.0,5.0,32.0,0.0,211.1680507659912
102,5,16,0,-1
103.0,5.0,16.0,0.0,178.35736274719238
104.0,5.0,16.0,0.0,55.39226531982422
105.0,5.0,4.0,0.0,29.079437255859375
106.0,5.0,8.0,0.0,53.5430908203125
107.0,5.0,16.0,0.0,54.97384071350098
108.0,5.0,8.0,0.0,31.985998153686523
109.0,5.0,32.0,0.0,106.08506202697754
110.0,5.0,8.0,0.0,127.74348258972168
111.0,5.0,32.0,0.0,199.6326446533203
112.0,5.0,32.0,0.0,106.08887672424316
113.0,5.0,16.0,0.0,97.59998321533203
114.0,5.0,8.0,0.0,40.15636444091797
115.0,5.0,16.0,0.0,55.17244338989258
116.0,5.0,8.0,0.0,84.47670936584473
117.0,5.0,8.0,0.0,111.33980751037598
118.0,5.0,32.0,0.0,146.64196968078613
119.0,5.0,4.0,0.0,96.76146507263184
120.0,5.0,4.0,0.0,17.286300659179688
121.0,5.0,32.0,0.0,106.15015029907227
122.0,5.0,8.0,0.0,134.7067356109619
123.0,5.0,32.0,0.0,106.49728775024414
124.0,5.0,4.0,0.0,17.503738403320312
125.0,5.0,8.0,0.0,29.727458953857422
126.0,5.0,32.0,0.0,105.89981079101562
127.0,5.0,32.0,0.0,153.0160903930664
128.0,5.0,4.0,0.0,26.25417709350586
129.0,5.0,16.0,0.0,55.47976493835449
130.0,5.0,32.0,0.0,106.33182525634766
131.0,5.0,16.0,0.0,130.3424835205078
132.0,5.0,32.0,0.0,106.05716705322266
133.0,5.0,8.0,0.0,98.87385368347168
134.0,5.0,16.0,0.0,140.2609348297119
135.0,5.0,32.0,0.0,220.23344039916992
136.0,5.0,4.0,0.0,18.04828643798828
137.0,5.0,16.0,0.0,61.00130081176758
138.0,5.0,32.0,0.0,106.01162910461426
139.0,5.0,4.0,0.0,120.07975578308105
140.0,5.0,4.0,0.0,89.63489532470703
141.0,5.0,8.0,0.0,29.80780601501465
142.0,5.0,16.0,0.0,55.09138107299805
143.0,5.0,32.0,0.0,152.05931663513184
144.0,5.0,32.0,0.0,220.41869163513184
145.0,5.0,16.0,0.0,111.03677749633789
146.0,5.0,32.0,0.0,136.366605758667
147.0,5.0,4.0,0.0,17.644166946411133
148.0,5.0,32.0,0.0,106.48298263549805
149.0,5.0,8.0,0.0,132.9355239868164
150.0,5.0,4.0,0.0,114.11213874816895
151.0,5.0,4.0,0.0,97.00798988342285
152.0,5.0,4.0,0.0,17.082929611206055
153.0,5.0,32.0,0.0,105.8797836303711
154.0,5.0,8.0,0.0,115.36765098571777
155.0,5.0,32.0,0.0,105.73267936706543
156.0,5.0,32.0,0.0,105.68499565124512
157.0,5.0,8.0,0.0,29.992341995239258
158.0,5.0,32.0,0.0,127.45451927185059
159.0,5.0,16.0,0.0,61.20705604553223
160.0,5.0,4.0,0.0,75.6833553314209
161.0,5.0,4.0,0.0,86.3349437713623
162.0,5.0,4.0,0.0,68.95685195922852
163.0,5.0,4.0,0.0,52.95968055725098
164.0,5.0,8.0,0.0,29.740333557128906
165.0,5.0,16.0,0.0,66.39361381530762
166.0,5.0,8.0,0.0,29.667139053344727
167.0,5.0,4.0,0.0,16.959428787231445
168.0,5.0,16.0,0.0,55.47189712524414
169.0,5.0,8.0,0.0,52.47998237609863
170.0,5.0,16.0,0.0,104.9957275390625
171.0,5.0,16.0,0.0,128.5393238067627
172.0,5.0,4.0,0.0,17.327547073364258
173.0,5.0,16.0,0.0,54.926395416259766
174.0,5.0,8.0,0.0,29.685497283935547
175.0,5.0,16.0,0.0,55.35578727722168
176.0,5.0,8.0,0.0,29.956817626953125
177.0,5.0,4.0,0.0,25.821924209594727
178.0,5.0,32.0,0.0,105.83162307739258
179.0,5.0,8.0,0.0,65.04631042480469
180.0,5.0,32.0,0.0,106.30059242248535
181.0,5.0,16.0,0.0,133.7106227874756
182.0,5.0,32.0,0.0,170.9275245666504
183,5,4,0,-1
184.0,5.0,32.0,0.0,185.46056747436523
185,5,16,0,-1
186.0,5.0,4.0,0.0,116.81342124938965
187.0,5.0,16.0,0.0,54.843902587890625
188.0,5.0,8.0,0.0,29.691457748413086
189.0,5.0,8.0,0.0,29.80804443359375
190.0,5.0,8.0,0.0,29.628515243530273
191.0,5.0,8.0,0.0,29.69217300415039
192.0,5.0,4.0,0.0,18.50295066833496
193.0,5.0,16.0,0.0,55.443763732910156
194.0,5.0,32.0,0.0,106.55832290649414
195.0,5.0,16.0,0.0,55.30261993408203
196.0,5.0,16.0,0.0,109.44652557373047
197.0,5.0,32.0,0.0,106.11605644226074
198.0,5.0,8.0,0.0,93.52302551269531
199.0,5.0,4.0,0.0,23.209333419799805
200.0,5.0,4.0,0.0,17.19188690185547
201.0,5.0,32.0,0.0,106.12273216247559
202.0,5.0,16.0,0.0,138.30280303955078
203,5,8,0,-1
204.0,5.0,16.0,0.0,159.34467315673828
205,5,4,0,-1
206.0,5.0,8.0,0.0,127.69579887390137
207.0,5.0,16.0,0.0,55.143117904663086
208.0,5.0,8.0,0.0,43.27559471130371
209.0,5.0,32.0,0.0,106.13417625427246
210.0,5.0,16.0,0.0,120.41115760803223
211.0,5.0,4.0,0.0,110.67938804626465
212.0,5.0,32.0,0.0,203.60398292541504
213,5,16,0,-1
214.0,5.0,32.0,0.0,207.15880393981934
215,5,16,0,-1
216.0,5.0,4.0,0.0,97.23043441772461
217.0,5.0,32.0,0.0,122.00331687927246
218.0,5.0,8.0,0.0,124.22299385070801
219.0,5.0,32.0,0.0,105.9105396270752
220.0,5.0,4.0,0.0,88.95421028137207
221.0,5.0,32.0,0.0,106.04619979858398
222.0,5.0,4.0,0.0,33.612966537475586
223.0,5.0,16.0,0.0,54.98385429382324
224.0,5.0,16.0,0.0,55.29499053955078
225.0,5.0,32.0,0.0,149.31750297546387
226,5,16,0,-1
227.0,5.0,32.0,0.0,209.52129364013672
228.0,5.0,8.0,0.0,158.82444381713867
229.0,5.0,8.0,0.0,142.8697109222412
230,5,32,0,-1
231.0,5.0,32.0,0.0,205.20281791687012
232.0,5.0,32.0,0.0,184.58294868469238
233.0,5.0,4.0,0.0,79.27608489990234
234.0,5.0,4.0,0.0,28.164386749267578
235.0,5.0,8.0,0.0,55.24611473083496
236.0,5.0,4.0,0.0,37.403106689453125
237.0,5.0,16.0,0.0,55.025577545166016
238.0,5.0,32.0,0.0,105.72648048400879
239.0,5.0,32.0,0.0,164.12901878356934
240.0,5.0,4.0,0.0,129.13870811462402
241.0,5.0,16.0,0.0,152.38690376281738
242,5,4,0,-1
243.0,5.0,32.0,0.0,227.9202938079834
244,5,32,0,-1
245.0,5.0,16.0,0.0,55.58943748474121
246.0,5.0,4.0,0.0,25.81334114074707
247.0,5.0,32.0,0.0,106.27412796020508
248.0,5.0,4.0,0.0,92.97680854797363
249.0,5.0,8.0,0.0,99.81203079223633
250.0,5.0,8.0,0.0,94.04945373535156
