model_id,bs,seq_len,latency
6.0,8.0,8.0,27.58646011352539
6.0,8.0,64.0,17.89569854736328
6.0,4.0,16.0,22.964000701904297
5.0,1.0,0.0,8.649349212646484
6.0,16.0,16.0,20.054101943969727
6.0,1.0,32.0,23.54717254638672
6.0,4.0,64.0,38.393259048461914
6.0,2.0,64.0,39.7648811340332
6.0,4.0,8.0,39.50333595275879
5.0,8.0,0.0,12.192010879516602
5.0,4.0,0.0,17.709732055664062
5.0,1.0,0.0,5.565643310546875
5.0,2.0,0.0,7.538795471191406
5.0,2.0,0.0,7.80177116394043
6.0,4.0,64.0,24.86276626586914
5.0,4.0,0.0,30.61223030090332
5.0,16.0,0.0,44.275760650634766
5.0,16.0,0.0,48.41113090515137
6.0,16.0,64.0,19.965171813964844
6.0,4.0,16.0,26.480436325073242
5.0,1.0,0.0,17.749786376953125
6.0,1.0,16.0,22.765398025512695
5.0,1.0,0.0,17.601966857910156
6.0,16.0,32.0,25.97332000732422
5.0,16.0,0.0,20.77198028564453
6.0,8.0,64.0,19.216537475585938
6.0,16.0,8.0,17.522573471069336
6.0,4.0,16.0,31.716108322143555
5.0,4.0,0.0,21.491289138793945
5.0,4.0,0.0,28.535127639770508
5.0,1.0,0.0,9.42683219909668
5.0,2.0,0.0,6.554365158081055
5.0,16.0,0.0,19.4549560546875
5.0,2.0,0.0,6.013393402099609
5.0,4.0,0.0,12.517690658569336
5.0,1.0,0.0,7.266521453857422
5.0,2.0,0.0,11.572837829589844
5.0,1.0,0.0,5.861520767211914
5.0,16.0,0.0,19.5925235748291
5.0,1.0,0.0,8.524179458618164
5.0,4.0,0.0,7.0362091064453125
6.0,1.0,64.0,23.94890785217285
5.0,8.0,0.0,23.242712020874023
5.0,8.0,0.0,16.32213592529297
5.0,2.0,0.0,15.8843994140625
5.0,2.0,0.0,5.990266799926758
5.0,4.0,0.0,7.462739944458008
5.0,8.0,0.0,11.19232177734375
5.0,8.0,0.0,11.37852668762207
6.0,8.0,32.0,27.848243713378906
5.0,1.0,0.0,12.692689895629883
6.0,4.0,8.0,16.802310943603516
6.0,8.0,32.0,19.707679748535156
6.0,16.0,16.0,33.54310989379883
6.0,8.0,8.0,28.23328971862793
5.0,4.0,0.0,25.157451629638672
6.0,16.0,64.0,17.599105834960938
5.0,8.0,0.0,33.843040466308594
5.0,16.0,0.0,23.348331451416016
6.0,1.0,16.0,28.44834327697754
6.0,2.0,64.0,16.404390335083008
6.0,16.0,8.0,31.26072883605957
5.0,4.0,0.0,6.910562515258789
6.0,8.0,16.0,22.300243377685547
5.0,2.0,0.0,26.030540466308594
5.0,8.0,0.0,10.827779769897461
6.0,1.0,8.0,16.586780548095703
5.0,16.0,0.0,35.384416580200195
5.0,4.0,0.0,38.30552101135254
5.0,8.0,0.0,11.097431182861328
5.0,8.0,0.0,19.889354705810547
5.0,2.0,0.0,24.37901496887207
6.0,2.0,32.0,19.49000358581543
6.0,4.0,8.0,31.992435455322266
5.0,2.0,0.0,37.28461265563965
6.0,8.0,64.0,35.660743713378906
6.0,2.0,16.0,26.76105499267578
6.0,1.0,16.0,17.93384552001953
5.0,4.0,0.0,6.807565689086914
6.0,4.0,8.0,16.16382598876953
5.0,2.0,0.0,4.981040954589844
6.0,16.0,16.0,17.841100692749023
6.0,2.0,8.0,23.69403839111328
6.0,16.0,8.0,37.175655364990234
5.0,2.0,0.0,14.47749137878418
6.0,4.0,32.0,53.89690399169922
6.0,16.0,64.0,59.35502052307129
5.0,8.0,0.0,48.780202865600586
5.0,1.0,0.0,34.23762321472168
6,4,8,-1
5.0,1.0,0.0,38.048505783081055
6,8,64,-1
6.0,8.0,32.0,26.001453399658203
6.0,16.0,16.0,41.65291786193848
6.0,2.0,32.0,16.442298889160156
6.0,2.0,8.0,17.770767211914062
5.0,4.0,0.0,37.117958068847656
5.0,1.0,0.0,30.8837890625
6.0,2.0,8.0,16.917705535888672
5.0,1.0,0.0,11.8255615234375
5.0,4.0,0.0,7.238149642944336
5.0,16.0,0.0,19.025802612304688
6.0,8.0,64.0,32.312870025634766
6.0,4.0,64.0,44.69108581542969
6.0,2.0,16.0,38.5432243347168
5.0,4.0,0.0,24.58953857421875
5.0,16.0,0.0,35.10403633117676
6.0,2.0,32.0,51.63431167602539
6.0,8.0,8.0,30.03525733947754
5.0,1.0,0.0,9.851694107055664
5.0,1.0,0.0,5.259513854980469
6.0,8.0,32.0,15.886783599853516
5.0,8.0,0.0,26.23462677001953
6.0,16.0,8.0,18.98193359375
5.0,16.0,0.0,24.30891990661621
5.0,2.0,0.0,12.233972549438477
6.0,16.0,64.0,22.59230613708496
6.0,8.0,16.0,23.24509620666504
5.0,1.0,0.0,15.935897827148438
5.0,16.0,0.0,19.50550079345703
6.0,8.0,32.0,31.36444091796875
6.0,8.0,64.0,39.19506072998047
5.0,2.0,0.0,19.16217803955078
5.0,4.0,0.0,23.083925247192383
5.0,8.0,0.0,27.472257614135742
6.0,16.0,8.0,23.52118492126465
5.0,4.0,0.0,28.699636459350586
6.0,8.0,64.0,17.934322357177734
6.0,8.0,16.0,33.57052803039551
5.0,16.0,0.0,50.843000411987305
6.0,8.0,8.0,49.93939399719238
5.0,1.0,0.0,74.83363151550293
6.0,16.0,32.0,50.34518241882324
5.0,8.0,0.0,79.66947555541992
5.0,8.0,0.0,50.75240135192871
6.0,1.0,16.0,19.10114288330078
5.0,8.0,0.0,10.653257369995117
6.0,8.0,32.0,18.628835678100586
5.0,1.0,0.0,6.556034088134766
6.0,1.0,16.0,18.42498779296875
6.0,1.0,16.0,25.471925735473633
5.0,16.0,0.0,45.80569267272949
6.0,8.0,8.0,48.73919486999512
5.0,1.0,0.0,9.15837287902832
6.0,1.0,64.0,16.13306999206543
6.0,1.0,64.0,19.596099853515625
6.0,1.0,32.0,19.532442092895508
5.0,1.0,0.0,8.003711700439453
6.0,1.0,16.0,24.08576011657715
5.0,1.0,0.0,23.705482482910156
6.0,2.0,16.0,43.71380805969238
5.0,1.0,0.0,47.39785194396973
5.0,2.0,0.0,47.92428016662598
6.0,4.0,32.0,27.27532386779785
5.0,2.0,0.0,30.5025577545166
6.0,4.0,32.0,45.3333854675293
6.0,1.0,8.0,53.262948989868164
5.0,2.0,0.0,51.485538482666016
6.0,2.0,16.0,75.12784004211426
5.0,4.0,0.0,71.58565521240234
5.0,1.0,0.0,40.979862213134766
6.0,1.0,16.0,70.08552551269531
5.0,16.0,0.0,68.90749931335449
6.0,2.0,64.0,79.16641235351562
6.0,1.0,16.0,67.57521629333496
6.0,16.0,8.0,64.18657302856445
5.0,1.0,0.0,34.639835357666016
6.0,8.0,32.0,68.7253475189209
6.0,4.0,64.0,74.13649559020996
6.0,16.0,16.0,25.182723999023438
6.0,2.0,64.0,39.072275161743164
6.0,8.0,32.0,18.694162368774414
6.0,4.0,8.0,21.747589111328125
5.0,1.0,0.0,38.69891166687012
6.0,1.0,16.0,16.927003860473633
6.0,4.0,16.0,16.193866729736328
6.0,8.0,8.0,29.871702194213867
6.0,2.0,64.0,21.797895431518555
6.0,1.0,8.0,18.435955047607422
6.0,1.0,8.0,15.138864517211914
6.0,16.0,64.0,18.569231033325195
6.0,4.0,32.0,24.076461791992188
6.0,2.0,8.0,36.664485931396484
5.0,4.0,0.0,8.672237396240234
6.0,1.0,16.0,25.572538375854492
6.0,16.0,16.0,24.79839324951172
5.0,4.0,0.0,38.42878341674805
6.0,4.0,32.0,31.88920021057129
5.0,16.0,0.0,60.637474060058594
6.0,2.0,16.0,42.95206069946289
5.0,8.0,0.0,43.657779693603516
6.0,2.0,32.0,38.394927978515625
6.0,8.0,16.0,36.75079345703125
6.0,16.0,32.0,32.61137008666992
6.0,1.0,64.0,38.7730598449707
6.0,8.0,8.0,34.41953659057617
5.0,8.0,0.0,41.34011268615723
6.0,1.0,8.0,59.54432487487793
5.0,8.0,0.0,26.689767837524414
5.0,1.0,0.0,10.557174682617188
5.0,4.0,0.0,8.648872375488281
5.0,16.0,0.0,18.62645149230957
6.0,8.0,64.0,34.31344032287598
5.0,2.0,0.0,22.099733352661133
6.0,4.0,64.0,50.229549407958984
6.0,2.0,32.0,56.5648078918457
6.0,8.0,64.0,64.17250633239746
6.0,2.0,16.0,71.5034008026123
6,16,8,-1
6.0,1.0,16.0,20.465850830078125
6.0,2.0,16.0,35.73250770568848
6.0,16.0,32.0,50.01187324523926
5.0,4.0,0.0,9.052515029907227
6.0,1.0,64.0,58.60638618469238
6.0,8.0,16.0,64.61739540100098
5.0,8.0,0.0,49.49593544006348
5.0,8.0,0.0,58.07018280029297
6,1,8,-1
5.0,4.0,0.0,7.64918327331543
5.0,1.0,0.0,9.676933288574219
6.0,8.0,32.0,19.147872924804688
5.0,4.0,0.0,16.483306884765625
6.0,1.0,16.0,36.247968673706055
6.0,16.0,32.0,51.37228965759277
6.0,8.0,32.0,29.186010360717773
6.0,2.0,8.0,37.195444107055664
6.0,1.0,8.0,44.03233528137207
6.0,8.0,8.0,25.847911834716797
6.0,8.0,64.0,29.45089340209961
5.0,2.0,0.0,10.273218154907227
5.0,2.0,0.0,15.396356582641602
6.0,2.0,64.0,23.786544799804688
5.0,16.0,0.0,19.474506378173828
6.0,2.0,16.0,18.92566680908203
6.0,4.0,32.0,34.24072265625
6.0,1.0,32.0,45.46022415161133
5.0,8.0,0.0,10.946035385131836
6.0,4.0,32.0,26.940345764160156
5.0,16.0,0.0,32.93204307556152
6.0,1.0,64.0,39.049386978149414
5.0,8.0,0.0,59.61799621582031
6.0,16.0,32.0,28.352737426757812
5.0,1.0,0.0,77.21614837646484
6.0,2.0,8.0,23.98848533630371
5.0,16.0,0.0,65.65451622009277
5.0,4.0,0.0,16.881227493286133
6.0,2.0,32.0,61.86819076538086
6.0,2.0,16.0,55.910348892211914
6.0,1.0,16.0,49.335479736328125
5.0,8.0,0.0,38.54537010192871
6.0,2.0,8.0,58.64286422729492
5.0,2.0,0.0,30.322551727294922
5.0,4.0,0.0,32.46450424194336
5.0,1.0,0.0,9.235620498657227
5.0,4.0,0.0,7.78651237487793
6.0,1.0,16.0,19.75107192993164
5.0,8.0,0.0,18.448591232299805
6.0,1.0,32.0,16.144990921020508
5.0,2.0,0.0,5.496025085449219
6.0,8.0,8.0,19.296884536743164
5.0,2.0,0.0,5.19561767578125
6.0,2.0,32.0,22.702455520629883
6.0,4.0,8.0,18.843650817871094
6.0,1.0,16.0,15.00844955444336
6.0,1.0,8.0,15.489578247070312
5.0,2.0,0.0,20.855188369750977
6.0,1.0,32.0,35.477638244628906
5.0,4.0,0.0,9.775161743164062
6.0,2.0,64.0,57.99722671508789
6.0,4.0,16.0,71.40851020812988
6,8,64,-1
6.0,16.0,8.0,47.96147346496582
6.0,2.0,8.0,35.09688377380371
5.0,16.0,0.0,19.60897445678711
5.0,2.0,0.0,5.067348480224609
5.0,1.0,0.0,8.172273635864258
5.0,16.0,0.0,22.116422653198242
5.0,8.0,0.0,11.553049087524414
5.0,8.0,0.0,11.074542999267578
5.0,1.0,0.0,6.440877914428711
6.0,8.0,8.0,21.8963623046875
5.0,4.0,0.0,20.754098892211914
6.0,8.0,16.0,23.253440856933594
6.0,8.0,32.0,16.765594482421875
6.0,8.0,8.0,29.45685386657715
6.0,4.0,64.0,15.980243682861328
5.0,16.0,0.0,20.85256576538086
6.0,1.0,64.0,18.83554458618164
6.0,8.0,32.0,21.51036262512207
6.0,4.0,8.0,15.976428985595703
6.0,16.0,32.0,30.73263168334961
5.0,16.0,0.0,27.698040008544922
6.0,4.0,16.0,16.39866828918457
5.0,4.0,0.0,14.209508895874023
5.0,16.0,0.0,20.92742919921875
6.0,2.0,32.0,19.862890243530273
5.0,1.0,0.0,26.412010192871094
5.0,4.0,0.0,16.564369201660156
6.0,4.0,64.0,20.881175994873047
6.0,2.0,8.0,16.03102684020996
5.0,8.0,0.0,11.26551628112793
5.0,1.0,0.0,4.96673583984375
6.0,4.0,16.0,18.15629005432129
5.0,8.0,0.0,10.98012924194336
6.0,2.0,16.0,17.362594604492188
5.0,2.0,0.0,6.321430206298828
5.0,16.0,0.0,19.586563110351562
6.0,4.0,32.0,21.509647369384766
6.0,4.0,32.0,19.26279067993164
6.0,2.0,64.0,34.96599197387695
5.0,16.0,0.0,19.99640464782715
5.0,16.0,0.0,19.48714256286621
6.0,1.0,64.0,19.104480743408203
5.0,4.0,0.0,21.146535873413086
5.0,4.0,0.0,7.274150848388672
6.0,2.0,16.0,22.672414779663086
6.0,8.0,8.0,38.988590240478516
5.0,1.0,0.0,33.56051445007324
6.0,8.0,8.0,55.54699897766113
6.0,4.0,32.0,63.33184242248535
6.0,4.0,32.0,60.5769157409668
5.0,8.0,0.0,28.2747745513916
5.0,2.0,0.0,26.17788314819336
6.0,8.0,8.0,16.527414321899414
6.0,16.0,16.0,22.840023040771484
6.0,1.0,64.0,30.45368194580078
6.0,2.0,8.0,38.085222244262695
5.0,4.0,0.0,7.712602615356445
6.0,2.0,8.0,19.057035446166992
6.0,1.0,32.0,37.80961036682129
6.0,4.0,64.0,52.37412452697754
5.0,8.0,0.0,16.535520553588867
6.0,2.0,16.0,16.315698623657227
5.0,1.0,0.0,7.183074951171875
5.0,8.0,0.0,10.957956314086914
5.0,16.0,0.0,19.56462860107422
5.0,2.0,0.0,16.26753807067871
6.0,4.0,32.0,29.88910675048828
6.0,16.0,64.0,40.62652587890625
5.0,8.0,0.0,21.28911018371582
5.0,16.0,0.0,20.048856735229492
5.0,1.0,0.0,29.620885848999023
6.0,1.0,16.0,27.04334259033203
6.0,8.0,16.0,20.02263069152832
6.0,2.0,64.0,17.588376998901367
5.0,16.0,0.0,20.1108455657959
6.0,1.0,8.0,25.684356689453125
6.0,16.0,64.0,40.87018966674805
6.0,16.0,32.0,37.98556327819824
5.0,1.0,0.0,7.553577423095703
5.0,1.0,0.0,10.057210922241211
6.0,2.0,8.0,18.41568946838379
6.0,4.0,64.0,18.835783004760742
5.0,2.0,0.0,5.17582893371582
6.0,1.0,64.0,18.785476684570312
5.0,16.0,0.0,19.283056259155273
6.0,16.0,64.0,22.498607635498047
6.0,8.0,32.0,15.35344123840332
5.0,1.0,0.0,16.369104385375977
6.0,1.0,32.0,19.489049911499023
5.0,16.0,0.0,37.57739067077637
6.0,1.0,64.0,41.23067855834961
6.0,16.0,8.0,45.35174369812012
5.0,16.0,0.0,85.29233932495117
6.0,2.0,32.0,71.88653945922852
5,1,0,-1
5.0,4.0,0.0,13.13018798828125
5.0,2.0,0.0,23.212432861328125
5.0,2.0,0.0,9.822368621826172
5.0,16.0,0.0,25.391340255737305
6.0,8.0,64.0,22.8879451751709
5.0,4.0,0.0,7.061243057250977
6.0,2.0,32.0,21.252870559692383
6.0,16.0,16.0,29.58369255065918
5.0,8.0,0.0,43.80083084106445
5.0,2.0,0.0,21.320104598999023
6.0,1.0,16.0,56.22458457946777
5.0,4.0,0.0,23.259639739990234
5.0,1.0,0.0,29.837846755981445
5.0,8.0,0.0,40.33088684082031
5.0,16.0,0.0,29.807090759277344
6.0,2.0,32.0,41.049957275390625
5.0,1.0,0.0,26.681900024414062
5.0,4.0,0.0,18.9363956451416
5.0,8.0,0.0,19.77705955505371
5.0,2.0,0.0,13.98611068725586
6.0,8.0,64.0,22.010326385498047
5.0,4.0,0.0,23.848295211791992
6.0,16.0,64.0,18.714427947998047
5.0,16.0,0.0,22.660017013549805
6.0,8.0,8.0,35.694122314453125
5.0,8.0,0.0,11.60120964050293
5.0,8.0,0.0,19.93584632873535
6.0,8.0,64.0,23.284196853637695
5.0,8.0,0.0,10.931253433227539
6.0,4.0,8.0,26.038169860839844
5.0,4.0,0.0,22.25041389465332
6.0,4.0,64.0,48.13671112060547
5.0,4.0,0.0,50.69923400878906
6.0,1.0,32.0,43.87831687927246
6.0,8.0,32.0,50.127506256103516
5.0,4.0,0.0,32.57632255554199
6.0,4.0,16.0,75.68502426147461
5.0,16.0,0.0,65.85192680358887
5.0,2.0,0.0,58.74061584472656
6,1,64,-1
6.0,4.0,8.0,35.7213020324707
5.0,16.0,0.0,94.06781196594238
6.0,4.0,16.0,49.02005195617676
5,4,0,-1
6.0,4.0,16.0,35.54201126098633
6.0,16.0,32.0,31.71086311340332
5.0,8.0,0.0,10.538578033447266
6.0,8.0,32.0,18.86725425720215
6.0,1.0,16.0,23.774147033691406
5.0,16.0,0.0,18.689870834350586
5.0,2.0,0.0,23.294687271118164
5.0,16.0,0.0,18.721580505371094
5.0,1.0,0.0,22.562503814697266
6.0,8.0,32.0,32.03272819519043
6.0,2.0,16.0,41.237831115722656
5.0,4.0,0.0,58.09640884399414
5.0,16.0,0.0,44.88396644592285
5.0,2.0,0.0,20.404815673828125
6.0,2.0,64.0,39.10470008850098
6.0,16.0,16.0,36.26084327697754
6.0,8.0,8.0,46.216726303100586
6.0,1.0,64.0,58.701515197753906
6.0,8.0,8.0,21.9271183013916
6.0,4.0,64.0,32.5319766998291
6.0,2.0,16.0,32.37605094909668
6.0,16.0,16.0,35.51793098449707
5.0,1.0,0.0,6.168127059936523
6.0,1.0,64.0,53.421735763549805
6.0,8.0,8.0,68.87030601501465
5.0,1.0,0.0,35.91585159301758
5.0,2.0,0.0,23.062705993652344
6.0,1.0,32.0,85.70981025695801
5.0,8.0,0.0,35.77256202697754
6.0,1.0,64.0,53.97844314575195
6.0,4.0,8.0,45.127153396606445
5.0,8.0,0.0,14.626026153564453
6.0,1.0,64.0,25.34794807434082
6.0,16.0,32.0,34.76309776306152
5.0,16.0,0.0,18.94664764404297
5.0,2.0,0.0,17.354965209960938
6.0,4.0,64.0,41.03350639343262
6.0,4.0,32.0,46.67305946350098
6.0,1.0,64.0,41.17250442504883
6.0,8.0,16.0,38.305044174194336
6.0,4.0,64.0,40.12250900268555
6.0,8.0,32.0,36.56125068664551
5.0,4.0,0.0,34.03520584106445
5.0,4.0,0.0,28.9456844329834
5.0,4.0,0.0,24.251222610473633
6.0,8.0,64.0,19.383668899536133
6.0,16.0,16.0,30.070066452026367
6.0,8.0,16.0,31.859874725341797
6.0,1.0,8.0,33.22315216064453
5.0,1.0,0.0,19.178390502929688
6.0,2.0,64.0,45.97973823547363
5.0,4.0,0.0,30.921459197998047
6.0,2.0,32.0,51.37896537780762
5.0,1.0,0.0,53.404808044433594
5.0,1.0,0.0,57.45053291320801
6.0,2.0,16.0,27.40001678466797
5.0,16.0,0.0,88.32430839538574
5,8,0,-1
5,16,0,-1
5.0,8.0,0.0,56.21814727783203
6.0,8.0,16.0,23.16451072692871
6.0,1.0,32.0,19.677162170410156
5.0,4.0,0.0,10.100603103637695
6.0,2.0,8.0,22.99213409423828
6.0,1.0,32.0,16.927480697631836
5.0,16.0,0.0,19.006967544555664
5.0,16.0,0.0,18.891096115112305
6.0,16.0,8.0,25.816917419433594
5.0,8.0,0.0,34.6674919128418
5.0,8.0,0.0,22.253036499023438
6.0,16.0,32.0,31.393051147460938
5.0,8.0,0.0,37.966012954711914
5.0,4.0,0.0,35.00533103942871
6.0,8.0,8.0,27.82440185546875
5.0,4.0,0.0,46.62966728210449
6.0,1.0,64.0,21.56972885131836
6.0,2.0,32.0,16.646385192871094
6.0,2.0,64.0,28.043508529663086
6.0,8.0,16.0,32.06896781921387
5.0,16.0,0.0,41.39113426208496
5.0,2.0,0.0,42.539119720458984
6.0,16.0,16.0,20.949840545654297
6.0,2.0,64.0,36.08083724975586
6.0,8.0,8.0,41.68987274169922
6.0,16.0,16.0,52.898406982421875
6.0,16.0,64.0,25.080204010009766
5.0,16.0,0.0,38.982391357421875
6.0,16.0,16.0,35.19439697265625
6.0,8.0,32.0,18.670320510864258
5.0,1.0,0.0,27.95100212097168
6.0,4.0,32.0,20.25151252746582
5.0,16.0,0.0,65.80615043640137
5,1,0,-1
6.0,2.0,32.0,16.38507843017578
6.0,8.0,64.0,15.749931335449219
6.0,8.0,8.0,23.204565048217773
5.0,1.0,0.0,13.457298278808594
5.0,8.0,0.0,19.164323806762695
6.0,2.0,32.0,22.07040786743164
5.0,2.0,0.0,4.9533843994140625
5.0,16.0,0.0,23.015260696411133
6.0,1.0,16.0,17.792940139770508
6.0,16.0,8.0,17.730236053466797
5.0,8.0,0.0,20.500659942626953
5.0,16.0,0.0,20.122289657592773
6.0,1.0,16.0,30.9445858001709
5.0,16.0,0.0,41.28837585449219
6.0,4.0,8.0,39.636850357055664
6.0,2.0,64.0,55.72843551635742
6.0,4.0,16.0,65.4304027557373
6.0,1.0,16.0,53.43151092529297
6.0,16.0,64.0,15.6402587890625
5.0,16.0,0.0,19.082069396972656
6.0,8.0,8.0,19.195556640625
5.0,2.0,0.0,12.387752532958984
5.0,1.0,0.0,10.155677795410156
6.0,4.0,32.0,21.74234390258789
6.0,4.0,32.0,32.2263240814209
5.0,16.0,0.0,47.66678810119629
5.0,16.0,0.0,38.82622718811035
5.0,8.0,0.0,41.28408432006836
6.0,1.0,64.0,32.75895118713379
5.0,4.0,0.0,60.20998954772949
5.0,1.0,0.0,41.89300537109375
5.0,16.0,0.0,54.86488342285156
5.0,16.0,0.0,34.440040588378906
5.0,16.0,0.0,38.420915603637695
5.0,2.0,0.0,34.98101234436035
6.0,8.0,32.0,19.294023513793945
5.0,4.0,0.0,20.53236961364746
5.0,4.0,0.0,25.849580764770508
5.0,1.0,0.0,27.159690856933594
5.0,4.0,0.0,26.938438415527344
6.0,4.0,8.0,21.337032318115234
5.0,4.0,0.0,6.057977676391602
5.0,4.0,0.0,6.887197494506836
5.0,4.0,0.0,10.069608688354492
6.0,16.0,64.0,15.41757583618164
5.0,8.0,0.0,23.684024810791016
6.0,2.0,64.0,37.38141059875488
5.0,4.0,0.0,39.42513465881348
6.0,1.0,32.0,55.62257766723633
6.0,4.0,8.0,29.794931411743164
5.0,16.0,0.0,16.725778579711914
5.0,1.0,0.0,5.342245101928711
6.0,16.0,16.0,18.146753311157227
6.0,16.0,64.0,22.377490997314453
6.0,8.0,32.0,18.852949142456055
5.0,2.0,0.0,5.762577056884766
6.0,2.0,8.0,19.66691017150879
6.0,2.0,16.0,26.161909103393555
5.0,8.0,0.0,32.468318939208984
5.0,16.0,0.0,28.486013412475586
6.0,4.0,64.0,65.38748741149902
5.0,8.0,0.0,14.38760757446289
6.0,8.0,64.0,75.47187805175781
5.0,16.0,0.0,42.58561134338379
6,2,16,-1
5.0,16.0,0.0,54.08453941345215
6,2,32,-1
5.0,16.0,0.0,28.64670753479004
6.0,1.0,64.0,17.56739616394043
5.0,2.0,0.0,4.858255386352539
6.0,2.0,64.0,22.649049758911133
6.0,1.0,8.0,23.624658584594727
5.0,2.0,0.0,25.73871612548828
6.0,4.0,64.0,40.95172882080078
6.0,4.0,8.0,47.3635196685791
5.0,2.0,0.0,30.217647552490234
5.0,1.0,0.0,17.986297607421875
5.0,2.0,0.0,7.283449172973633
6.0,2.0,32.0,20.506620407104492
5.0,4.0,0.0,9.373664855957031
6.0,4.0,32.0,21.651506423950195
5.0,2.0,0.0,22.454261779785156
6.0,4.0,64.0,36.83352470397949
6.0,16.0,64.0,31.339645385742188
5.0,4.0,0.0,53.51591110229492
6.0,16.0,32.0,50.73046684265137
5.0,2.0,0.0,45.45235633850098
6.0,16.0,16.0,60.53876876831055
6.0,4.0,64.0,61.80238723754883
6.0,16.0,8.0,28.297901153564453
5.0,8.0,0.0,26.148080825805664
5.0,16.0,0.0,17.07935333251953
5.0,1.0,0.0,21.56829833984375
5.0,2.0,0.0,5.064964294433594
5.0,4.0,0.0,6.790876388549805
6.0,1.0,8.0,21.292448043823242
5.0,4.0,0.0,26.93796157836914
5.0,8.0,0.0,9.579181671142578
6.0,1.0,64.0,16.11471176147461
5.0,2.0,0.0,5.836009979248047
5.0,4.0,0.0,6.310462951660156
6.0,8.0,16.0,23.1015682220459
6.0,2.0,64.0,16.147375106811523
5.0,16.0,0.0,28.754711151123047
6.0,2.0,8.0,24.990081787109375
5.0,16.0,0.0,25.960683822631836
5.0,2.0,0.0,24.44744110107422
5.0,4.0,0.0,10.10584831237793
5.0,4.0,0.0,6.607532501220703
5.0,4.0,0.0,6.016016006469727
6.0,16.0,32.0,17.23480224609375
6.0,1.0,64.0,19.440412521362305
5.0,16.0,0.0,16.747713088989258
6.0,8.0,64.0,18.941402435302734
6.0,16.0,64.0,17.400026321411133
5.0,1.0,0.0,5.057334899902344
5.0,8.0,0.0,9.455204010009766
6.0,1.0,64.0,20.611286163330078
6.0,1.0,32.0,16.449451446533203
5.0,16.0,0.0,26.770830154418945
5.0,2.0,0.0,31.732797622680664
5.0,8.0,0.0,11.363983154296875
5.0,2.0,0.0,6.271600723266602
5.0,16.0,0.0,20.34449577331543
5.0,8.0,0.0,11.590003967285156
5.0,8.0,0.0,22.0334529876709
6.0,16.0,8.0,21.84748649597168
5.0,4.0,0.0,46.43726348876953
6.0,2.0,16.0,40.822505950927734
5.0,2.0,0.0,5.085945129394531
5.0,4.0,0.0,6.911754608154297
6.0,8.0,8.0,21.006107330322266
5.0,1.0,0.0,20.298004150390625
5.0,2.0,0.0,10.645151138305664
5.0,16.0,0.0,19.376754760742188
5.0,1.0,0.0,5.742073059082031
6.0,4.0,16.0,22.159099578857422
6.0,1.0,8.0,36.977291107177734
6.0,8.0,32.0,35.85100173950195
5.0,8.0,0.0,28.65004539489746
6.0,16.0,8.0,58.084726333618164
5.0,2.0,0.0,25.928735733032227
6.0,16.0,64.0,57.10959434509277
6.0,16.0,32.0,18.732309341430664
5.0,2.0,0.0,4.766702651977539
5.0,16.0,0.0,19.46091651916504
5.0,16.0,0.0,38.03110122680664
6.0,4.0,64.0,31.468629837036133
6.0,4.0,64.0,30.182838439941406
6.0,16.0,8.0,28.1369686126709
6.0,4.0,32.0,39.00599479675293
6.0,8.0,16.0,19.245386123657227
5.0,1.0,0.0,34.99960899353027
5.0,1.0,0.0,32.506465911865234
5.0,1.0,0.0,26.469945907592773
6.0,4.0,64.0,27.94623374938965
6.0,8.0,8.0,39.90340232849121
5.0,8.0,0.0,22.75991439819336
6.0,2.0,8.0,16.503334045410156
6.0,2.0,64.0,16.437292098999023
6.0,16.0,64.0,16.826868057250977
5.0,8.0,0.0,11.294364929199219
5.0,4.0,0.0,9.374618530273438
6.0,16.0,16.0,21.603822708129883
6.0,4.0,64.0,19.68860626220703
6.0,4.0,16.0,25.692462921142578
6.0,2.0,32.0,36.473989486694336
5.0,2.0,0.0,10.574579238891602
6.0,16.0,8.0,21.79741859436035
6.0,2.0,32.0,21.513700485229492
5.0,1.0,0.0,13.298511505126953
6.0,4.0,64.0,20.363807678222656
6.0,4.0,64.0,18.816232681274414
6.0,1.0,16.0,19.33741569519043
5.0,2.0,0.0,5.0029754638671875
6.0,16.0,32.0,18.808364868164062
5.0,1.0,0.0,10.879755020141602
6.0,4.0,64.0,36.85808181762695
5.0,2.0,0.0,4.935026168823242
6.0,16.0,64.0,17.711877822875977
6.0,8.0,64.0,15.47098159790039
6.0,1.0,8.0,15.104055404663086
5.0,1.0,0.0,14.899969100952148
6.0,16.0,8.0,16.68524742126465
5.0,1.0,0.0,9.537458419799805
6.0,16.0,64.0,26.08346939086914
5.0,16.0,0.0,43.59722137451172
5.0,2.0,0.0,18.938779830932617
5.0,2.0,0.0,17.323970794677734
5.0,2.0,0.0,6.385326385498047
6.0,4.0,16.0,20.74146270751953
5.0,16.0,0.0,22.432327270507812
6.0,2.0,64.0,42.667388916015625
5.0,8.0,0.0,44.86703872680664
5.0,4.0,0.0,43.57004165649414
5.0,16.0,0.0,35.26639938354492
6.0,2.0,8.0,18.772363662719727
5.0,16.0,0.0,19.89912986755371
5.0,2.0,0.0,9.65261459350586
6.0,16.0,32.0,21.457910537719727
5.0,8.0,0.0,17.001628875732422
6.0,8.0,16.0,19.838809967041016
6.0,2.0,8.0,15.277624130249023
6.0,4.0,32.0,19.21224594116211
5.0,8.0,0.0,16.253232955932617
5.0,1.0,0.0,19.33908462524414
6.0,4.0,16.0,21.630048751831055
5.0,2.0,0.0,40.688276290893555
5.0,4.0,0.0,29.676437377929688
6.0,8.0,8.0,18.81265640258789
6.0,8.0,64.0,21.44598960876465
5.0,16.0,0.0,17.548322677612305
5.0,4.0,0.0,7.41267204284668
6.0,16.0,64.0,28.25188636779785
5.0,8.0,0.0,17.912626266479492
5.0,8.0,0.0,15.005111694335938
5.0,8.0,0.0,22.87888526916504
6.0,16.0,16.0,21.58832550048828
5.0,2.0,0.0,36.07010841369629
5.0,8.0,0.0,45.81499099731445
5.0,1.0,0.0,50.71568489074707
5.0,1.0,0.0,52.66380310058594
5.0,16.0,0.0,19.102811813354492
6.0,4.0,64.0,21.651268005371094
5.0,2.0,0.0,8.631467819213867
5.0,8.0,0.0,9.721040725708008
5.0,2.0,0.0,10.333061218261719
5.0,8.0,0.0,9.622335433959961
6.0,4.0,32.0,26.54433250427246
6.0,4.0,8.0,43.89834403991699
5.0,4.0,0.0,41.629791259765625
6.0,2.0,8.0,19.051313400268555
5.0,2.0,0.0,29.090404510498047
6.0,16.0,32.0,21.87204360961914
5.0,4.0,0.0,21.253585815429688
6.0,1.0,32.0,34.46316719055176
5.0,4.0,0.0,18.172740936279297
6.0,8.0,64.0,28.91826629638672
5.0,1.0,0.0,13.156414031982422
6.0,2.0,16.0,25.407791137695312
6.0,16.0,16.0,21.199941635131836
6.0,2.0,8.0,28.55658531188965
5.0,16.0,0.0,38.02847862243652
6.0,1.0,32.0,54.90732192993164
6.0,4.0,8.0,16.16954803466797
5.0,16.0,0.0,16.745328903198242
5.0,16.0,0.0,19.608259201049805
6.0,8.0,16.0,23.319244384765625
5.0,4.0,0.0,41.64314270019531
5.0,16.0,0.0,21.401166915893555
5.0,2.0,0.0,6.868839263916016
5.0,16.0,0.0,16.253232955932617
5.0,2.0,0.0,15.600442886352539
5.0,4.0,0.0,5.933046340942383
5.0,8.0,0.0,13.680458068847656
6.0,1.0,8.0,22.29785919189453
5.0,8.0,0.0,14.137029647827148
5.0,4.0,0.0,5.918979644775391
6.0,1.0,32.0,18.40972900390625
5.0,1.0,0.0,16.95847511291504
5.0,16.0,0.0,28.377771377563477
6.0,16.0,16.0,26.28040313720703
5.0,1.0,0.0,42.82093048095703
6.0,16.0,64.0,34.97600555419922
6.0,4.0,32.0,19.676923751831055
5.0,8.0,0.0,35.561323165893555
5.0,8.0,0.0,32.31358528137207
5.0,8.0,0.0,32.66572952270508
6.0,16.0,16.0,19.24300193786621
5.0,4.0,0.0,44.76451873779297
5.0,4.0,0.0,18.20993423461914
5.0,4.0,0.0,5.817174911499023
5.0,8.0,0.0,9.18269157409668
6.0,2.0,64.0,20.16448974609375
6.0,2.0,8.0,20.535945892333984
5.0,1.0,0.0,5.526065826416016
5.0,4.0,0.0,6.150722503662109
5.0,2.0,0.0,6.163358688354492
5.0,8.0,0.0,9.16433334350586
6.0,4.0,64.0,19.559144973754883
6.0,16.0,8.0,32.24992752075195
5.0,8.0,0.0,30.174732208251953
5.0,16.0,0.0,30.791282653808594
6.0,2.0,64.0,44.30532455444336
5.0,4.0,0.0,32.15193748474121
5.0,16.0,0.0,37.73665428161621
5.0,4.0,0.0,36.692142486572266
5.0,1.0,0.0,25.849580764770508
5.0,4.0,0.0,6.691932678222656
6.0,2.0,32.0,18.904447555541992
6.0,2.0,64.0,19.487619400024414
6.0,1.0,8.0,28.43928337097168
6.0,4.0,8.0,43.8082218170166
6.0,1.0,32.0,34.0268611907959
5.0,1.0,0.0,5.275726318359375
5.0,2.0,0.0,6.196260452270508
6.0,2.0,64.0,22.208213806152344
5.0,1.0,0.0,20.89524269104004
6.0,8.0,16.0,18.756628036499023
5.0,1.0,0.0,25.435447692871094
6.0,16.0,32.0,34.16037559509277
6.0,16.0,16.0,18.52107048034668
5.0,1.0,0.0,34.55018997192383
6.0,4.0,64.0,18.903017044067383
6.0,4.0,32.0,26.093006134033203
6.0,2.0,16.0,18.74065399169922
6.0,1.0,32.0,19.974470138549805
6.0,4.0,16.0,27.9998779296875
5.0,8.0,0.0,17.759084701538086
5.0,8.0,0.0,9.165525436401367
6.0,1.0,64.0,23.617029190063477
6.0,8.0,32.0,22.78447151184082
5.0,2.0,0.0,4.851341247558594
5.0,2.0,0.0,6.367206573486328
5.0,16.0,0.0,16.218185424804688
6.0,2.0,8.0,18.477439880371094
6.0,8.0,32.0,15.753746032714844
6.0,16.0,32.0,26.91507339477539
5.0,4.0,0.0,40.57431221008301
5.0,1.0,0.0,29.968738555908203
6.0,8.0,64.0,20.990371704101562
5.0,8.0,0.0,20.310640335083008
5.0,4.0,0.0,19.4854736328125
6.0,8.0,64.0,15.566825866699219
6.0,4.0,32.0,28.338909149169922
6.0,16.0,16.0,31.34441375732422
6.0,8.0,64.0,15.975713729858398
5.0,16.0,0.0,30.767440795898438
6.0,2.0,32.0,47.777414321899414
6.0,8.0,8.0,53.68232727050781
5.0,16.0,0.0,65.73009490966797
6.0,8.0,64.0,51.00274085998535
5,2,0,-1
6.0,1.0,16.0,62.42799758911133
5,8,0,-1
6.0,1.0,8.0,15.523433685302734
6.0,4.0,32.0,28.324365615844727
6.0,16.0,32.0,15.958070755004883
6.0,1.0,8.0,21.29507064819336
6.0,8.0,32.0,18.999338150024414
5.0,1.0,0.0,19.90056037902832
6.0,1.0,32.0,25.821685791015625
5.0,1.0,0.0,30.207395553588867
5.0,1.0,0.0,28.380870819091797
5.0,2.0,0.0,32.91487693786621
6.0,16.0,16.0,18.250703811645508
5.0,16.0,0.0,16.29781723022461
5.0,1.0,0.0,6.665945053100586
5.0,1.0,0.0,12.075185775756836
5.0,8.0,0.0,9.72437858581543
6.0,8.0,64.0,21.035194396972656
6.0,8.0,16.0,19.701480865478516
5.0,2.0,0.0,41.17846488952637
5.0,1.0,0.0,4.96220588684082
5.0,8.0,0.0,9.018659591674805
6.0,4.0,64.0,23.824691772460938
6.0,1.0,16.0,23.720979690551758
6.0,4.0,32.0,34.194231033325195
6.0,1.0,8.0,15.391349792480469
5.0,2.0,0.0,6.242275238037109
5.0,8.0,0.0,13.850212097167969
6.0,4.0,32.0,26.003360748291016
5.0,2.0,0.0,9.022712707519531
6.0,4.0,16.0,19.326210021972656
5.0,8.0,0.0,10.297298431396484
5.0,4.0,0.0,6.656169891357422
5.0,16.0,0.0,18.378496170043945
5.0,8.0,0.0,10.870218276977539
5.0,8.0,0.0,12.821197509765625
6.0,4.0,16.0,22.1555233001709
5.0,1.0,0.0,25.467872619628906
6.0,8.0,32.0,41.14675521850586
6.0,4.0,64.0,19.1347599029541
5.0,4.0,0.0,10.753393173217773
5.0,2.0,0.0,9.616851806640625
6.0,16.0,8.0,22.18031883239746
5.0,16.0,0.0,32.2718620300293
6.0,16.0,16.0,23.73027801513672
5.0,1.0,0.0,38.648128509521484
6.0,8.0,16.0,44.52967643737793
5.0,1.0,0.0,44.8908805847168
5.0,16.0,0.0,19.74034309387207
6.0,4.0,32.0,26.472091674804688
5.0,2.0,0.0,7.882356643676758
6.0,1.0,64.0,30.291318893432617
6.0,2.0,64.0,44.229984283447266
6.0,8.0,16.0,34.89851951599121
5.0,8.0,0.0,34.29818153381348
6.0,2.0,32.0,27.9386043548584
5.0,2.0,0.0,5.8078765869140625
5.0,2.0,0.0,6.165981292724609
5.0,4.0,0.0,7.171630859375
5.0,16.0,0.0,19.15454864501953
6.0,8.0,64.0,28.03182601928711
6.0,16.0,32.0,36.280155181884766
5.0,16.0,0.0,47.223806381225586
5.0,8.0,0.0,45.54104804992676
6.0,4.0,64.0,81.02273941040039
5.0,8.0,0.0,61.65575981140137
5.0,4.0,0.0,7.708549499511719
5.0,8.0,0.0,10.979175567626953
6.0,16.0,64.0,27.106046676635742
6.0,16.0,8.0,27.092456817626953
6.0,8.0,8.0,26.262760162353516
5.0,16.0,0.0,40.345191955566406
6.0,8.0,32.0,53.86495590209961
6.0,2.0,64.0,50.30703544616699
6.0,16.0,16.0,26.812314987182617
6.0,16.0,8.0,20.843505859375
5.0,16.0,0.0,48.89059066772461
6.0,16.0,16.0,45.427560806274414
5.0,4.0,0.0,8.873462677001953
6.0,16.0,8.0,23.401260375976562
5.0,8.0,0.0,35.355567932128906
5.0,16.0,0.0,52.58369445800781
5.0,1.0,0.0,43.34759712219238
6.0,2.0,64.0,45.3639030456543
6.0,1.0,8.0,52.54077911376953
5.0,4.0,0.0,58.012962341308594
6.0,1.0,64.0,66.7870044708252
6,2,8,-1
6.0,8.0,64.0,68.22705268859863
6.0,2.0,64.0,45.83454132080078
5.0,2.0,0.0,7.4176788330078125
6.0,2.0,64.0,19.568920135498047
6.0,8.0,32.0,33.66446495056152
5.0,2.0,0.0,28.735637664794922
6.0,8.0,16.0,41.002750396728516
5.0,16.0,0.0,26.012897491455078
6.0,2.0,8.0,25.8941650390625
6.0,4.0,8.0,16.4182186126709
5.0,4.0,0.0,20.1416015625
6.0,1.0,16.0,24.9788761138916
6.0,2.0,16.0,33.02574157714844
6.0,1.0,32.0,28.844356536865234
5.0,1.0,0.0,5.515813827514648
6.0,2.0,16.0,22.20749855041504
5.0,2.0,0.0,14.187812805175781
5.0,16.0,0.0,17.496585845947266
5.0,16.0,0.0,17.708539962768555
6.0,16.0,64.0,27.00662612915039
5.0,4.0,0.0,42.5567626953125
6.0,2.0,64.0,19.819259643554688
6.0,2.0,16.0,19.243717193603516
5.0,16.0,0.0,17.752647399902344
6.0,8.0,8.0,36.36908531188965
6.0,4.0,64.0,29.355764389038086
6.0,2.0,8.0,27.55117416381836
5.0,2.0,0.0,35.1560115814209
5.0,8.0,0.0,36.954641342163086
6.0,2.0,8.0,18.888235092163086
6.0,2.0,32.0,32.782793045043945
6.0,16.0,64.0,45.073509216308594
6.0,1.0,16.0,20.825624465942383
6.0,16.0,8.0,19.793987274169922
6.0,1.0,8.0,30.81798553466797
6.0,16.0,64.0,34.619808197021484
6.0,4.0,16.0,35.56180000305176
6.0,2.0,8.0,43.51496696472168
6.0,1.0,8.0,18.461942672729492
5.0,1.0,0.0,8.233308792114258
5.0,4.0,0.0,7.0476531982421875
5.0,1.0,0.0,7.521390914916992
5.0,4.0,0.0,6.311893463134766
6.0,16.0,32.0,22.576093673706055
6.0,1.0,16.0,18.4018611907959
5.0,1.0,0.0,18.258333206176758
6.0,2.0,8.0,18.464326858520508
5.0,4.0,0.0,21.194934844970703
6.0,8.0,32.0,18.85366439819336
6.0,4.0,32.0,19.464492797851562
6.0,4.0,64.0,21.028995513916016
6.0,4.0,8.0,18.44954490661621
5.0,8.0,0.0,10.025739669799805
6.0,2.0,16.0,26.833057403564453
6.0,2.0,16.0,32.32455253601074
5.0,4.0,0.0,33.76150131225586
5.0,2.0,0.0,5.017280578613281
6.0,2.0,64.0,19.17552947998047
5.0,1.0,0.0,23.5137939453125
5.0,1.0,0.0,25.91848373413086
5.0,16.0,0.0,19.182443618774414
5.0,2.0,0.0,8.732795715332031
6.0,1.0,64.0,26.86619758605957
6.0,16.0,16.0,36.75365447998047
5.0,16.0,0.0,51.22566223144531
6.0,1.0,16.0,38.38944435119629
6.0,1.0,16.0,35.78591346740723
5.0,4.0,0.0,7.0133209228515625
6.0,4.0,16.0,19.500017166137695
6.0,4.0,8.0,18.429040908813477
5.0,1.0,0.0,4.939556121826172
5.0,2.0,0.0,6.273746490478516
6.0,16.0,8.0,18.636226654052734
6.0,16.0,64.0,18.47076416015625
6.0,1.0,32.0,32.78946876525879
6.0,1.0,32.0,43.00045967102051
