query_id,model_id,bs,seq_len,latency
1.0,6.0,32.0,8.0,55.104970932006836
2.0,6.0,32.0,64.0,44.7688102722168
3.0,6.0,16.0,16.0,15.833616256713867
4.0,5.0,4.0,0.0,5.8155059814453125
5.0,6.0,8.0,32.0,15.061378479003906
6.0,5.0,16.0,0.0,15.273809432983398
7.0,6.0,16.0,64.0,11.518239974975586
8.0,6.0,8.0,64.0,12.72439956665039
9.0,6.0,16.0,8.0,15.405416488647461
10.0,5.0,32.0,0.0,25.518417358398438
11.0,5.0,16.0,0.0,37.114620208740234
12.0,5.0,4.0,0.0,24.890422821044922
13.0,5.0,8.0,0.0,7.8907012939453125
14.0,5.0,8.0,0.0,8.029937744140625
15.0,6.0,16.0,64.0,11.919736862182617
16.0,5.0,16.0,0.0,23.40841293334961
17.0,5.0,8.0,0.0,23.797035217285156
18.0,6.0,32.0,32.0,24.52826499938965
19.0,5.0,8.0,0.0,20.827293395996094
21.0,6.0,8.0,16.0,24.1849422454834
20.0,5.0,16.0,0.0,38.49911689758301
22.0,5.0,32.0,0.0,61.33317947387695
23.0,6.0,8.0,16.0,36.772966384887695
24.0,6.0,32.0,64.0,33.45966339111328
25.0,6.0,4.0,64.0,27.629375457763672
26.0,6.0,8.0,8.0,37.4600887298584
27.0,6.0,8.0,32.0,11.90948486328125
28.0,5.0,4.0,0.0,16.492366790771484
29.0,5.0,8.0,0.0,15.841245651245117
30.0,5.0,4.0,0.0,6.561040878295898
31.0,5.0,8.0,0.0,6.133794784545898
32.0,5.0,16.0,0.0,13.381242752075195
33.0,5.0,4.0,0.0,6.8073272705078125
34.0,5.0,8.0,0.0,11.642694473266602
35.0,5.0,4.0,0.0,3.7467479705810547
36.0,5.0,4.0,0.0,7.011175155639648
37.0,6.0,4.0,32.0,15.41280746459961
38.0,6.0,4.0,64.0,25.14195442199707
39.0,5.0,32.0,0.0,31.979799270629883
40.0,5.0,32.0,0.0,32.29117393493652
41.0,5.0,8.0,0.0,32.10639953613281
42.0,5.0,8.0,0.0,14.112234115600586
43.0,5.0,16.0,0.0,10.491371154785156
44.0,5.0,32.0,0.0,20.662546157836914
45.0,5.0,32.0,0.0,21.043062210083008
46.0,6.0,32.0,32.0,32.720088958740234
47.0,5.0,4.0,0.0,16.334056854248047
48.0,6.0,16.0,8.0,17.874479293823242
49.0,6.0,32.0,32.0,15.588998794555664
50.0,6.0,8.0,32.0,24.202585220336914
51.0,6.0,4.0,8.0,13.54837417602539
52.0,5.0,8.0,0.0,5.971193313598633
53.0,5.0,32.0,0.0,15.916585922241211
54.0,6.0,32.0,8.0,22.815942764282227
55.0,6.0,32.0,8.0,11.89112663269043
56.0,5.0,16.0,0.0,8.594989776611328
57.0,5.0,32.0,0.0,15.630722045898438
58.0,5.0,32.0,0.0,19.261598587036133
59.0,6.0,32.0,8.0,11.424064636230469
60.0,6.0,4.0,16.0,15.509366989135742
61.0,5.0,32.0,0.0,27.34541893005371
62.0,6.0,4.0,8.0,29.563426971435547
63.0,5.0,8.0,0.0,36.03410720825195
64.0,6.0,8.0,8.0,46.46635055541992
65.0,6.0,32.0,8.0,51.627159118652344
66.0,5.0,32.0,0.0,28.403043746948242
67.0,5.0,8.0,0.0,26.923656463623047
68.0,6.0,8.0,32.0,13.056755065917969
69.0,5.0,8.0,0.0,15.427827835083008
70.0,6.0,16.0,8.0,25.444746017456055
71.0,6.0,32.0,64.0,25.01702308654785
72.0,6.0,8.0,16.0,16.791820526123047
73.0,6.0,4.0,16.0,11.561393737792969
74.0,5.0,16.0,0.0,8.832216262817383
75.0,6.0,16.0,8.0,23.871898651123047
76.0,5.0,8.0,0.0,5.208730697631836
77.0,6.0,8.0,32.0,14.50490951538086
78.0,5.0,8.0,0.0,10.97416877746582
79.0,5.0,4.0,0.0,5.90968132019043
80.0,6.0,16.0,32.0,12.777090072631836
81.0,6.0,32.0,64.0,14.417171478271484
82.0,6.0,16.0,8.0,24.05858039855957
83.0,6.0,32.0,64.0,18.819570541381836
84.0,5.0,8.0,0.0,21.207094192504883
85.0,5.0,32.0,0.0,29.562711715698242
86.0,5.0,4.0,0.0,13.206005096435547
87.0,5.0,4.0,0.0,15.406608581542969
88.0,6.0,32.0,32.0,16.605377197265625
89.0,6.0,8.0,64.0,35.98189353942871
90.0,5.0,16.0,0.0,8.819341659545898
91.0,5.0,16.0,0.0,9.074926376342773
92.0,5.0,4.0,0.0,8.215188980102539
93.0,6.0,8.0,8.0,20.534753799438477
94.0,6.0,8.0,8.0,12.406110763549805
95.0,5.0,4.0,0.0,5.875349044799805
96.0,5.0,16.0,0.0,8.936405181884766
97.0,5.0,32.0,0.0,15.984773635864258
98.0,5.0,32.0,0.0,29.177188873291016
99.0,6.0,16.0,64.0,24.87921714782715
100.0,6.0,8.0,16.0,15.056848526000977
101.0,5.0,16.0,0.0,9.04226303100586
102.0,6.0,8.0,32.0,13.588905334472656
103.0,5.0,16.0,0.0,21.330595016479492
104.0,6.0,4.0,8.0,17.556190490722656
105.0,5.0,4.0,0.0,21.58069610595703
106.0,6.0,32.0,32.0,30.576467514038086
107.0,5.0,32.0,0.0,45.546770095825195
108.0,6.0,4.0,8.0,34.23023223876953
109.0,5.0,8.0,0.0,25.481700897216797
110.0,6.0,32.0,64.0,12.928009033203125
111.0,6.0,8.0,8.0,12.981176376342773
112.0,5.0,16.0,0.0,11.398077011108398
113.0,6.0,32.0,32.0,18.481016159057617
114.0,6.0,32.0,64.0,26.865005493164062
115.0,5.0,8.0,0.0,5.228281021118164
116.0,5.0,16.0,0.0,9.956598281860352
117.0,5.0,32.0,0.0,18.41449737548828
118.0,6.0,4.0,16.0,17.974853515625
119.0,6.0,32.0,64.0,30.43532371520996
121.0,5.0,8.0,0.0,23.303985595703125
120.0,6.0,32.0,16.0,39.283037185668945
122.0,6.0,16.0,16.0,52.1397590637207
124.0,5.0,32.0,0.0,34.613609313964844
123,6,32,8,-1
125.0,6.0,16.0,16.0,28.946876525878906
126.0,6.0,4.0,16.0,20.878314971923828
127.0,5.0,32.0,0.0,15.443563461303711
128.0,6.0,32.0,32.0,12.379169464111328
129.0,5.0,4.0,0.0,6.579399108886719
130.0,6.0,4.0,16.0,19.956588745117188
131.0,5.0,32.0,0.0,29.58822250366211
132.0,6.0,8.0,64.0,39.42275047302246
133.0,6.0,4.0,64.0,18.813610076904297
134.0,5.0,8.0,0.0,7.433891296386719
135.0,5.0,32.0,0.0,20.672321319580078
136.0,6.0,16.0,32.0,15.459299087524414
137.0,5.0,4.0,0.0,19.382953643798828
138.0,6.0,16.0,32.0,25.771379470825195
139.0,5.0,8.0,0.0,8.852243423461914
140.0,6.0,8.0,16.0,22.893667221069336
141.0,5.0,4.0,0.0,29.625654220581055
142.0,5.0,4.0,0.0,31.45003318786621
143.0,5.0,8.0,0.0,30.904054641723633
144.0,6.0,16.0,32.0,14.914751052856445
145.0,5.0,8.0,0.0,19.63329315185547
146.0,6.0,16.0,32.0,33.252716064453125
147.0,6.0,4.0,8.0,37.60099411010742
149.0,5.0,8.0,0.0,35.796403884887695
148.0,6.0,8.0,16.0,55.39894104003906
150.0,5.0,16.0,0.0,52.46710777282715
151.0,6.0,4.0,16.0,40.57478904724121
152.0,5.0,4.0,0.0,33.9357852935791
153.0,5.0,32.0,0.0,39.14904594421387
154.0,5.0,16.0,0.0,36.627769470214844
155.0,6.0,32.0,32.0,30.405044555664062
156.0,5.0,4.0,0.0,33.39648246765137
157.0,6.0,16.0,64.0,37.33348846435547
158.0,5.0,32.0,0.0,20.734786987304688
159.0,5.0,4.0,0.0,19.80733871459961
160.0,6.0,8.0,64.0,14.43624496459961
161.0,6.0,32.0,64.0,25.12192726135254
162.0,5.0,32.0,0.0,36.34333610534668
163.0,6.0,8.0,32.0,48.81000518798828
164.0,6.0,4.0,64.0,15.529632568359375
165.0,5.0,32.0,0.0,15.877962112426758
166.0,6.0,16.0,8.0,24.02353286743164
167.0,6.0,8.0,64.0,37.027835845947266
168.0,6.0,32.0,16.0,35.39228439331055
169.0,6.0,4.0,8.0,47.232627868652344
170.0,6.0,4.0,8.0,54.14772033691406
171.0,6.0,32.0,64.0,24.92356300354004
172.0,5.0,16.0,0.0,22.97496795654297
173.0,6.0,8.0,8.0,12.886762619018555
174.0,5.0,16.0,0.0,8.455038070678711
175.0,6.0,4.0,16.0,25.694608688354492
176.0,5.0,16.0,0.0,18.88298988342285
177.0,6.0,8.0,8.0,33.22148323059082
178.0,6.0,32.0,32.0,36.42559051513672
179.0,6.0,8.0,16.0,17.20452308654785
180.0,5.0,32.0,0.0,20.923614501953125
181.0,6.0,8.0,32.0,12.374639511108398
182.0,6.0,32.0,16.0,12.563705444335938
183.0,6.0,16.0,64.0,13.086318969726562
184.0,5.0,8.0,0.0,5.088567733764648
185.0,6.0,8.0,8.0,15.828847885131836
186.0,6.0,4.0,8.0,28.63621711730957
187.0,5.0,32.0,0.0,30.83515167236328
188.0,5.0,4.0,0.0,11.260271072387695
189.0,5.0,16.0,0.0,10.644912719726562
190.0,5.0,16.0,0.0,9.217023849487305
191.0,5.0,32.0,0.0,21.777868270874023
192.0,6.0,16.0,64.0,34.3172550201416
193.0,6.0,8.0,32.0,39.92938995361328
194.0,5.0,8.0,0.0,42.97208786010742
195.0,6.0,32.0,64.0,51.878929138183594
196.0,6.0,8.0,16.0,57.61003494262695
197.0,6.0,4.0,64.0,61.16509437561035
198.0,5.0,4.0,0.0,8.812665939331055
199.0,5.0,8.0,0.0,8.407115936279297
200.0,5.0,4.0,0.0,4.580259323120117
201.0,6.0,16.0,64.0,14.324426651000977
202.0,6.0,32.0,64.0,15.317678451538086
203.0,6.0,32.0,16.0,32.21845626831055
205.0,5.0,16.0,0.0,29.70099449157715
204.0,6.0,4.0,8.0,50.44674873352051
206.0,5.0,32.0,0.0,53.206682205200195
207.0,5.0,32.0,0.0,67.98863410949707
208.0,5.0,16.0,0.0,10.153055191040039
209.0,5.0,4.0,0.0,4.247426986694336
210.0,6.0,32.0,32.0,14.649391174316406
211.0,6.0,4.0,16.0,21.510839462280273
213.0,5.0,16.0,0.0,29.410839080810547
212.0,6.0,16.0,16.0,45.53556442260742
214.0,6.0,32.0,32.0,51.39279365539551
215.0,6.0,8.0,8.0,52.97350883483887
216.0,6.0,4.0,8.0,59.773921966552734
217.0,6.0,32.0,8.0,19.927501678466797
218.0,6.0,32.0,64.0,22.024154663085938
219.0,5.0,8.0,0.0,6.861209869384766
220.0,5.0,8.0,0.0,10.582208633422852
221.0,6.0,8.0,64.0,16.651153564453125
222.0,5.0,32.0,0.0,17.252683639526367
223.0,5.0,8.0,0.0,5.575895309448242
224.0,6.0,16.0,32.0,20.260095596313477
225.0,6.0,4.0,32.0,27.78482437133789
226.0,5.0,32.0,0.0,17.206668853759766
227.0,6.0,16.0,32.0,20.395994186401367
228.0,5.0,4.0,0.0,9.674549102783203
229.0,5.0,8.0,0.0,14.754295349121094
230.0,5.0,4.0,0.0,5.929708480834961
231.0,6.0,4.0,64.0,15.895843505859375
232.0,6.0,16.0,16.0,12.124061584472656
233.0,6.0,8.0,8.0,23.502349853515625
234.0,6.0,8.0,32.0,31.02850914001465
235.0,6.0,8.0,16.0,20.800113677978516
236.0,5.0,16.0,0.0,22.998571395874023
237.0,6.0,4.0,16.0,18.77427101135254
238.0,6.0,8.0,8.0,13.824701309204102
239.0,5.0,32.0,0.0,27.135133743286133
240.0,5.0,8.0,0.0,5.709409713745117
241.0,5.0,16.0,0.0,9.633541107177734
242.0,5.0,4.0,0.0,4.085302352905273
243.0,5.0,16.0,0.0,9.301185607910156
244.0,6.0,4.0,16.0,13.295412063598633
245.0,5.0,32.0,0.0,17.81749725341797
246.0,6.0,4.0,32.0,17.038583755493164
247.0,5.0,8.0,0.0,6.711721420288086
248.0,6.0,32.0,8.0,19.823074340820312
249.0,5.0,8.0,0.0,6.652355194091797
250.0,6.0,8.0,32.0,20.17045021057129
251.0,6.0,16.0,8.0,14.110803604125977
252.0,6.0,4.0,16.0,18.11981201171875
253.0,6.0,4.0,8.0,23.756980895996094
254.0,5.0,8.0,0.0,28.703689575195312
255.0,6.0,4.0,32.0,42.586565017700195
256.0,6.0,8.0,64.0,53.96127700805664
259.0,5.0,16.0,0.0,30.60460090637207
257,6,16,16,-1
258.0,6.0,32.0,64.0,70.55926322937012
260.0,6.0,4.0,64.0,48.11406135559082
262.0,5.0,8.0,0.0,20.857810974121094
261.0,6.0,8.0,16.0,39.49117660522461
263.0,5.0,8.0,0.0,32.94849395751953
264.0,5.0,32.0,0.0,16.956567764282227
265.0,5.0,32.0,0.0,16.92819595336914
266.0,5.0,4.0,0.0,4.217863082885742
267.0,6.0,32.0,8.0,14.47153091430664
268.0,5.0,16.0,0.0,15.320777893066406
269.0,6.0,32.0,16.0,13.977766036987305
270.0,6.0,32.0,32.0,12.550592422485352
271.0,6.0,32.0,8.0,25.53582191467285
272.0,6.0,16.0,64.0,12.240886688232422
273.0,5.0,16.0,0.0,9.871482849121094
274.0,5.0,4.0,0.0,4.167318344116211
275.0,6.0,4.0,8.0,16.796350479125977
276.0,6.0,4.0,32.0,23.148536682128906
277.0,6.0,8.0,32.0,17.579078674316406
278.0,6.0,16.0,16.0,14.396429061889648
279.0,5.0,16.0,0.0,9.313583374023438
280.0,5.0,16.0,0.0,9.534597396850586
281.0,5.0,8.0,0.0,5.553483963012695
282.0,6.0,4.0,8.0,14.603376388549805
283.0,5.0,16.0,0.0,9.336233139038086
284.0,6.0,16.0,64.0,14.552116394042969
285.0,6.0,8.0,8.0,11.708974838256836
286.0,5.0,32.0,0.0,16.82567596435547
287.0,5.0,4.0,0.0,3.840923309326172
288.0,6.0,16.0,16.0,16.732454299926758
289.0,5.0,32.0,0.0,16.746997833251953
290.0,6.0,8.0,16.0,12.874364852905273
291.0,5.0,8.0,0.0,5.463838577270508
292.0,5.0,32.0,0.0,20.647764205932617
293.0,6.0,16.0,8.0,17.363786697387695
294.0,6.0,16.0,32.0,29.639244079589844
295.0,6.0,8.0,64.0,12.853860855102539
296.0,5.0,8.0,0.0,7.44938850402832
297.0,6.0,4.0,64.0,15.599966049194336
298.0,5.0,16.0,0.0,19.52052116394043
299.0,5.0,16.0,0.0,12.825250625610352
300.0,6.0,8.0,16.0,17.36283302307129
301.0,6.0,32.0,8.0,32.30690956115723
303.0,5.0,4.0,0.0,27.199983596801758
302.0,6.0,32.0,8.0,51.83601379394531
304.0,6.0,16.0,32.0,54.888248443603516
305.0,6.0,16.0,32.0,47.66702651977539
306.0,5.0,32.0,0.0,28.496742248535156
307.0,5.0,8.0,0.0,28.532981872558594
308.0,6.0,32.0,8.0,12.292146682739258
309.0,6.0,8.0,32.0,19.1652774810791
310.0,6.0,32.0,64.0,23.218631744384766
311.0,5.0,16.0,0.0,13.10276985168457
312.0,6.0,8.0,8.0,24.975299835205078
313.0,6.0,4.0,32.0,37.46914863586426
314.0,6.0,16.0,64.0,49.18527603149414
315.0,5.0,32.0,0.0,25.99787712097168
316.0,6.0,8.0,16.0,26.35931968688965
317.0,5.0,4.0,0.0,17.094135284423828
318.0,5.0,32.0,0.0,22.89581298828125
319.0,5.0,4.0,0.0,5.205392837524414
320.0,5.0,16.0,0.0,12.27259635925293
321.0,5.0,16.0,0.0,12.200355529785156
322.0,6.0,32.0,16.0,16.705751419067383
323.0,6.0,4.0,16.0,13.829946517944336
324.0,5.0,16.0,0.0,12.407779693603516
325.0,5.0,32.0,0.0,22.209644317626953
326.0,5.0,8.0,0.0,24.62172508239746
327.0,6.0,8.0,64.0,14.693975448608398
328.0,5.0,16.0,0.0,11.812210083007812
329.0,5.0,4.0,0.0,4.415750503540039
330.0,5.0,16.0,0.0,11.772632598876953
331.0,6.0,32.0,32.0,15.810728073120117
332.0,5.0,4.0,0.0,12.452363967895508
333.0,5.0,4.0,0.0,13.737916946411133
334.0,6.0,8.0,8.0,13.861417770385742
335.0,6.0,16.0,64.0,11.867046356201172
336.0,5.0,8.0,0.0,6.956338882446289
337.0,6.0,4.0,64.0,13.851404190063477
338.0,5.0,16.0,0.0,11.682987213134766
339.0,6.0,32.0,64.0,12.322664260864258
340.0,5.0,16.0,0.0,11.711359024047852
341.0,5.0,4.0,0.0,15.1214599609375
342.0,6.0,4.0,32.0,17.617464065551758
343.0,5.0,4.0,0.0,21.633625030517578
344.0,6.0,32.0,64.0,31.522035598754883
345.0,5.0,32.0,0.0,40.412187576293945
346.0,6.0,4.0,8.0,15.273571014404297
347.0,6.0,4.0,64.0,30.049800872802734
348.0,5.0,16.0,0.0,32.56726264953613
349.0,5.0,16.0,0.0,40.74215888977051
350.0,5.0,8.0,0.0,47.29580879211426
351.0,5.0,8.0,0.0,7.233381271362305
352.0,5.0,16.0,0.0,15.209197998046875
353.0,5.0,32.0,0.0,21.412372589111328
354.0,5.0,16.0,0.0,18.800735473632812
355.0,6.0,8.0,32.0,27.367591857910156
356.0,5.0,32.0,0.0,40.22979736328125
357.0,6.0,8.0,64.0,51.21040344238281
358.0,5.0,4.0,0.0,50.055503845214844
359.0,6.0,8.0,16.0,60.903310775756836
360.0,5.0,16.0,0.0,44.76356506347656
361.0,5.0,4.0,0.0,48.11811447143555
362.0,5.0,32.0,0.0,64.12458419799805
363.0,5.0,16.0,0.0,43.19930076599121
364.0,5.0,16.0,0.0,41.909217834472656
365.0,5.0,4.0,0.0,7.386922836303711
366.0,5.0,16.0,0.0,9.706974029541016
367.0,5.0,32.0,0.0,16.981840133666992
368.0,5.0,8.0,0.0,11.152505874633789
369.0,6.0,32.0,64.0,14.182329177856445
370.0,5.0,16.0,0.0,17.66371726989746
371.0,6.0,32.0,16.0,13.999462127685547
372.0,6.0,16.0,64.0,12.158632278442383
373.0,5.0,4.0,0.0,15.315532684326172
374.0,5.0,4.0,0.0,4.070281982421875
375.0,6.0,32.0,64.0,11.968851089477539
376.0,5.0,32.0,0.0,15.466928482055664
377.0,5.0,32.0,0.0,15.556097030639648
378.0,6.0,16.0,8.0,24.025917053222656
379.0,6.0,16.0,64.0,33.59794616699219
380.0,5.0,16.0,0.0,33.34522247314453
381.0,5.0,16.0,0.0,37.435293197631836
382.0,6.0,4.0,32.0,24.985074996948242
383.0,6.0,32.0,32.0,27.882814407348633
384.0,6.0,16.0,16.0,39.98064994812012
385.0,5.0,16.0,0.0,22.200822830200195
386.0,5.0,32.0,0.0,35.19892692565918
387.0,6.0,4.0,64.0,51.55205726623535
388.0,5.0,8.0,0.0,55.07969856262207
390.0,6.0,16.0,32.0,59.15665626525879
392.0,6.0,16.0,32.0,29.943227767944336
389,5,8,0,-1
391,5,32,0,-1
393.0,5.0,16.0,0.0,8.697032928466797
394.0,5.0,32.0,0.0,15.583276748657227
395.0,6.0,32.0,32.0,11.92331314086914
396.0,6.0,4.0,16.0,13.996601104736328
397.0,5.0,4.0,0.0,3.9060115814208984
398.0,5.0,4.0,0.0,7.317543029785156
399.0,6.0,8.0,64.0,13.766765594482422
400.0,5.0,4.0,0.0,4.393339157104492
401.0,5.0,32.0,0.0,15.605449676513672
402.0,6.0,32.0,32.0,20.514726638793945
403.0,6.0,8.0,16.0,31.176328659057617
404.0,5.0,8.0,0.0,15.111923217773438
405.0,5.0,8.0,0.0,5.892753601074219
406.0,6.0,8.0,64.0,17.00282096862793
407.0,6.0,8.0,64.0,13.24915885925293
408.0,5.0,4.0,0.0,12.021780014038086
409.0,6.0,4.0,64.0,15.98048210144043
410.0,6.0,32.0,8.0,12.810707092285156
411.0,6.0,16.0,64.0,25.226831436157227
412.0,6.0,8.0,16.0,18.576622009277344
413.0,6.0,8.0,64.0,17.191648483276367
414.0,5.0,32.0,0.0,29.15215492248535
415.0,6.0,32.0,8.0,18.032550811767578
416.0,6.0,4.0,32.0,13.673067092895508
417.0,5.0,4.0,0.0,7.020473480224609
418.0,5.0,4.0,0.0,5.915641784667969
419.0,5.0,8.0,0.0,6.785154342651367
420.0,5.0,32.0,0.0,15.654802322387695
421.0,6.0,4.0,64.0,32.29188919067383
422.0,6.0,16.0,8.0,19.430875778198242
423.0,5.0,32.0,0.0,15.645742416381836
424.0,6.0,4.0,64.0,24.79839324951172
425.0,6.0,16.0,8.0,31.6770076751709
426.0,5.0,32.0,0.0,15.428304672241211
427.0,5.0,32.0,0.0,23.49090576171875
428.0,5.0,8.0,0.0,5.399465560913086
429.0,6.0,16.0,32.0,12.712955474853516
430.0,6.0,4.0,64.0,13.262271881103516
431.0,6.0,32.0,16.0,14.061450958251953
432.0,6.0,16.0,64.0,12.859106063842773
433.0,6.0,32.0,32.0,13.652563095092773
434.0,5.0,16.0,0.0,13.055801391601562
435.0,5.0,16.0,0.0,8.595466613769531
436.0,5.0,16.0,0.0,9.851455688476562
437.0,6.0,32.0,64.0,11.824369430541992
438.0,6.0,8.0,64.0,18.61119270324707
439.0,6.0,16.0,8.0,16.6928768157959
440.0,5.0,32.0,0.0,19.221067428588867
441.0,5.0,32.0,0.0,22.200584411621094
442.0,5.0,4.0,0.0,6.622791290283203
443.0,6.0,8.0,32.0,12.431859970092773
444.0,5.0,16.0,0.0,19.106626510620117
445.0,5.0,4.0,0.0,20.38288116455078
446.0,5.0,4.0,0.0,18.743038177490234
447.0,5.0,8.0,0.0,13.827800750732422
448.0,5.0,8.0,0.0,16.11924171447754
449.0,5.0,32.0,0.0,15.347957611083984
450.0,5.0,8.0,0.0,5.2852630615234375
451.0,5.0,32.0,0.0,16.759157180786133
452.0,6.0,32.0,16.0,15.629291534423828
453.0,6.0,4.0,32.0,12.286663055419922
454.0,5.0,16.0,0.0,9.328126907348633
455.0,6.0,8.0,8.0,12.871742248535156
456.0,6.0,4.0,32.0,14.869451522827148
457.0,5.0,8.0,0.0,7.310628890991211
458.0,6.0,16.0,16.0,11.815547943115234
459.0,6.0,4.0,8.0,19.41823959350586
460.0,6.0,32.0,64.0,17.510414123535156
461.0,5.0,16.0,0.0,23.91505241394043
462.0,5.0,32.0,0.0,28.273582458496094
463.0,5.0,16.0,0.0,26.385068893432617
464.0,5.0,16.0,0.0,18.66936683654785
465.0,6.0,32.0,8.0,19.95372772216797
466.0,6.0,4.0,64.0,14.374971389770508
467.0,6.0,8.0,32.0,13.697147369384766
468.0,6.0,8.0,64.0,20.74885368347168
469.0,6.0,32.0,16.0,20.463228225708008
470.0,5.0,4.0,0.0,18.204450607299805
472.0,6.0,8.0,64.0,22.665739059448242
471.0,5.0,4.0,0.0,31.351089477539062
473.0,6.0,32.0,64.0,12.016534805297852
474.0,5.0,4.0,0.0,6.165266036987305
475.0,6.0,8.0,32.0,14.270782470703125
476.0,5.0,32.0,0.0,16.649723052978516
477.0,5.0,32.0,0.0,18.551111221313477
478.0,5.0,4.0,0.0,4.154682159423828
479.0,5.0,16.0,0.0,9.051084518432617
480.0,5.0,4.0,0.0,8.912086486816406
481.0,5.0,8.0,0.0,14.032363891601562
482.0,5.0,32.0,0.0,24.919509887695312
483.0,6.0,16.0,64.0,15.39158821105957
484.0,5.0,16.0,0.0,9.120464324951172
485.0,6.0,16.0,64.0,19.733905792236328
486.0,5.0,4.0,0.0,13.469934463500977
487.0,5.0,32.0,0.0,26.343822479248047
488.0,6.0,8.0,32.0,11.900901794433594
489.0,5.0,8.0,0.0,5.356788635253906
490.0,5.0,32.0,0.0,21.116256713867188
491.0,5.0,8.0,0.0,5.329132080078125
492.0,6.0,4.0,8.0,14.336347579956055
493.0,6.0,8.0,64.0,19.686222076416016
494.0,6.0,4.0,16.0,14.090776443481445
495.0,5.0,16.0,0.0,15.706539154052734
496.0,5.0,4.0,0.0,4.072666168212891
497.0,6.0,8.0,64.0,12.764215469360352
498.0,6.0,16.0,16.0,18.948793411254883
499.0,6.0,4.0,16.0,12.329816818237305
500.0,6.0,32.0,8.0,17.07172393798828
501.0,6.0,32.0,8.0,19.28544044494629
502.0,5.0,8.0,0.0,13.669252395629883
503.0,5.0,4.0,0.0,9.65571403503418
504.0,6.0,16.0,32.0,11.823177337646484
505.0,6.0,16.0,32.0,17.796993255615234
506.0,5.0,4.0,0.0,21.988868713378906
507.0,6.0,4.0,16.0,13.231754302978516
508.0,6.0,16.0,32.0,12.123346328735352
509.0,5.0,4.0,0.0,6.761074066162109
510.0,6.0,4.0,32.0,14.838695526123047
511.0,5.0,8.0,0.0,6.558418273925781
512.0,6.0,8.0,32.0,15.420913696289062
513.0,5.0,8.0,0.0,20.39051055908203
514.0,5.0,8.0,0.0,9.687185287475586
515.0,6.0,32.0,32.0,15.503168106079102
516.0,5.0,16.0,0.0,21.088123321533203
517.0,5.0,16.0,0.0,25.081157684326172
518.0,5.0,4.0,0.0,25.190353393554688
519.0,5.0,16.0,0.0,28.751134872436523
520.0,6.0,16.0,8.0,20.491838455200195
521.0,5.0,16.0,0.0,10.236501693725586
522.0,5.0,16.0,0.0,10.310888290405273
523.0,5.0,16.0,0.0,16.64280891418457
524.0,6.0,32.0,8.0,14.39976692199707
525.0,5.0,32.0,0.0,29.33478355407715
526.0,6.0,8.0,64.0,25.937557220458984
528.0,5.0,16.0,0.0,30.399084091186523
527.0,6.0,4.0,32.0,44.04497146606445
529.0,6.0,16.0,8.0,14.444828033447266
530.0,5.0,8.0,0.0,7.542610168457031
531.0,6.0,32.0,64.0,17.982959747314453
532.0,6.0,16.0,32.0,12.631654739379883
533.0,6.0,4.0,64.0,17.62843132019043
534.0,6.0,4.0,16.0,13.67044448852539
535.0,6.0,8.0,8.0,22.16792106628418
536.0,6.0,8.0,16.0,24.78957176208496
538.0,5.0,32.0,0.0,39.00790214538574
537.0,6.0,16.0,64.0,52.00505256652832
540.0,5.0,16.0,0.0,39.363861083984375
539.0,6.0,32.0,64.0,58.97378921508789
541.0,5.0,8.0,0.0,54.08000946044922
542.0,6.0,8.0,32.0,61.24067306518555
543.0,5.0,32.0,0.0,46.660661697387695
544.0,5.0,8.0,0.0,47.93953895568848
545.0,5.0,16.0,0.0,51.40113830566406
546.0,5.0,8.0,0.0,29.315471649169922
547.0,5.0,32.0,0.0,20.068645477294922
548.0,6.0,32.0,8.0,22.185087203979492
549.0,5.0,4.0,0.0,24.85203742980957
550.0,5.0,8.0,0.0,7.139921188354492
551.0,6.0,16.0,64.0,28.29885482788086
552.0,6.0,16.0,8.0,29.517173767089844
553.0,5.0,8.0,0.0,12.731313705444336
554.0,5.0,4.0,0.0,4.001379013061523
555.0,5.0,8.0,0.0,4.979848861694336
556.0,6.0,8.0,32.0,14.190673828125
557.0,5.0,16.0,0.0,8.608579635620117
558.0,6.0,16.0,32.0,15.68460464477539
559.0,5.0,8.0,0.0,14.004230499267578
560.0,6.0,16.0,64.0,26.33523941040039
561.0,5.0,16.0,0.0,26.449203491210938
562.0,6.0,32.0,64.0,25.589942932128906
563.0,6.0,16.0,16.0,29.4191837310791
564.0,5.0,16.0,0.0,13.941287994384766
565.0,5.0,32.0,0.0,17.833948135375977
566.0,6.0,16.0,64.0,15.558481216430664
567.0,5.0,8.0,0.0,14.441967010498047
568.0,6.0,4.0,8.0,17.44222640991211
569.0,5.0,16.0,0.0,13.460874557495117
570.0,5.0,8.0,0.0,5.218505859375
571.0,5.0,16.0,0.0,8.536338806152344
572.0,6.0,4.0,8.0,16.481637954711914
573.0,5.0,16.0,0.0,24.85823631286621
574.0,5.0,32.0,0.0,15.689373016357422
575.0,6.0,4.0,64.0,18.240690231323242
576.0,5.0,8.0,0.0,5.179643630981445
577.0,5.0,16.0,0.0,8.536577224731445
578.0,6.0,32.0,16.0,14.690637588500977
579.0,6.0,8.0,64.0,12.81428337097168
580.0,5.0,32.0,0.0,23.947477340698242
581.0,5.0,4.0,0.0,8.861303329467773
582.0,6.0,4.0,16.0,18.67222785949707
583.0,5.0,16.0,0.0,8.584737777709961
584.0,5.0,16.0,0.0,8.659839630126953
585.0,5.0,16.0,0.0,8.466243743896484
586.0,6.0,16.0,32.0,19.42276954650879
587.0,5.0,8.0,0.0,5.206584930419922
588.0,5.0,32.0,0.0,15.560388565063477
589.0,6.0,8.0,64.0,18.748044967651367
590.0,5.0,4.0,0.0,11.738061904907227
591.0,5.0,32.0,0.0,15.47384262084961
592.0,6.0,4.0,64.0,12.257575988769531
593.0,6.0,4.0,32.0,18.077850341796875
594.0,5.0,4.0,0.0,16.458988189697266
595.0,5.0,32.0,0.0,31.897544860839844
596.0,6.0,32.0,8.0,15.790224075317383
597.0,6.0,8.0,8.0,14.489412307739258
598.0,6.0,8.0,8.0,12.802839279174805
599.0,5.0,4.0,0.0,4.711389541625977
600.0,5.0,32.0,0.0,15.47384262084961
601.0,5.0,16.0,0.0,8.46099853515625
602.0,6.0,4.0,64.0,12.383222579956055
603.0,5.0,8.0,0.0,13.378143310546875
604.0,5.0,8.0,0.0,6.105661392211914
605.0,5.0,16.0,0.0,8.827447891235352
606.0,6.0,32.0,8.0,21.477460861206055
607.0,5.0,4.0,0.0,20.420312881469727
608.0,5.0,8.0,0.0,10.46133041381836
609.0,5.0,8.0,0.0,5.258083343505859
610.0,5.0,4.0,0.0,7.9936981201171875
611.0,6.0,16.0,8.0,20.851850509643555
612.0,5.0,16.0,0.0,8.694648742675781
613.0,6.0,32.0,64.0,15.355348587036133
614.0,5.0,32.0,0.0,22.470474243164062
615.0,6.0,32.0,64.0,34.6226692199707
616.0,5.0,8.0,0.0,12.630939483642578
617.0,6.0,16.0,16.0,20.507097244262695
618.0,5.0,4.0,0.0,8.173704147338867
619.0,6.0,4.0,8.0,23.245811462402344
620.0,6.0,16.0,64.0,18.92542839050293
621.0,6.0,16.0,64.0,20.163774490356445
622.0,6.0,4.0,64.0,17.181873321533203
623.0,6.0,4.0,16.0,28.318166732788086
624.0,5.0,16.0,0.0,28.305530548095703
625.0,6.0,8.0,8.0,34.16109085083008
626.0,5.0,16.0,0.0,13.599634170532227
627.0,5.0,8.0,0.0,7.811069488525391
628.0,6.0,32.0,64.0,14.125347137451172
629.0,5.0,8.0,0.0,15.883207321166992
630.0,6.0,16.0,16.0,11.636018753051758
631.0,5.0,32.0,0.0,15.749692916870117
632.0,5.0,16.0,0.0,8.717536926269531
633.0,6.0,4.0,64.0,12.217521667480469
634.0,5.0,16.0,0.0,18.38374137878418
635.0,6.0,8.0,64.0,14.539957046508789
636.0,6.0,32.0,32.0,11.785507202148438
637.0,5.0,8.0,0.0,12.47859001159668
638.0,6.0,8.0,32.0,24.965763092041016
639.0,5.0,8.0,0.0,7.2994232177734375
640.0,6.0,4.0,64.0,15.492439270019531
641.0,6.0,8.0,32.0,14.816761016845703
642.0,5.0,4.0,0.0,15.345335006713867
643.0,6.0,16.0,64.0,16.539335250854492
644.0,6.0,16.0,64.0,14.289379119873047
645.0,6.0,4.0,16.0,20.219802856445312
646.0,5.0,8.0,0.0,6.656885147094727
647.0,6.0,16.0,64.0,15.544652938842773
648.0,6.0,32.0,8.0,28.908252716064453
649.0,5.0,16.0,0.0,11.480331420898438
650.0,5.0,32.0,0.0,21.103858947753906
651.0,6.0,32.0,64.0,17.091035842895508
652.0,6.0,4.0,8.0,15.596389770507812
653.0,5.0,4.0,0.0,14.908075332641602
654.0,6.0,4.0,16.0,16.291379928588867
655.0,5.0,4.0,0.0,7.198572158813477
656.0,6.0,32.0,16.0,21.274089813232422
657.0,5.0,8.0,0.0,26.030540466308594
658.0,5.0,8.0,0.0,21.43120765686035
659.0,5.0,8.0,0.0,9.942054748535156
660.0,6.0,16.0,16.0,22.017240524291992
661.0,6.0,8.0,64.0,25.9246826171875
662.0,5.0,4.0,0.0,25.754928588867188
663.0,6.0,32.0,16.0,34.133195877075195
665.0,5.0,8.0,0.0,23.2388973236084
664.0,6.0,16.0,16.0,37.97340393066406
666.0,5.0,8.0,0.0,7.195234298706055
667.0,6.0,16.0,16.0,12.936830520629883
668.0,5.0,32.0,0.0,21.562576293945312
669.0,5.0,16.0,0.0,21.124601364135742
670.0,5.0,32.0,0.0,22.2623348236084
671.0,6.0,16.0,16.0,33.1265926361084
672.0,6.0,4.0,16.0,36.12637519836426
675.0,5.0,16.0,0.0,25.20918846130371
673.0,6.0,4.0,16.0,46.60511016845703
674.0,6.0,16.0,16.0,62.89076805114746
676.0,6.0,32.0,8.0,46.01907730102539
677.0,6.0,32.0,64.0,19.71721649169922
678.0,5.0,8.0,0.0,6.514072418212891
679.0,5.0,32.0,0.0,20.036697387695312
680.0,6.0,8.0,64.0,27.69637107849121
681.0,5.0,32.0,0.0,42.51217842102051
682.0,5.0,32.0,0.0,61.25688552856445
685.0,6.0,8.0,16.0,57.04331398010254
688.0,6.0,16.0,64.0,48.22564125061035
683,5,8,0,-1
684,5,32,0,-1
686,5,8,0,-1
687,5,8,0,-1
689.0,5.0,8.0,0.0,37.21046447753906
690.0,5.0,32.0,0.0,48.88653755187988
691.0,5.0,8.0,0.0,6.505727767944336
692.0,5.0,32.0,0.0,20.08056640625
693.0,6.0,16.0,32.0,31.489849090576172
695.0,5.0,16.0,0.0,32.08613395690918
694.0,6.0,16.0,8.0,55.93228340148926
696.0,5.0,8.0,0.0,18.633127212524414
697.0,6.0,8.0,8.0,28.32818031311035
698.0,6.0,16.0,16.0,14.358043670654297
699.0,5.0,16.0,0.0,16.36672019958496
700.0,5.0,8.0,0.0,6.834506988525391
701.0,5.0,32.0,0.0,15.618085861206055
702.0,6.0,8.0,64.0,18.320083618164062
703.0,5.0,8.0,0.0,15.95163345336914
704.0,5.0,32.0,0.0,24.97076988220215
705.0,6.0,8.0,64.0,14.679431915283203
706.0,6.0,4.0,16.0,28.77330780029297
707.0,5.0,32.0,0.0,17.2727108001709
708.0,5.0,16.0,0.0,14.266252517700195
709.0,6.0,16.0,8.0,16.760826110839844
710.0,5.0,4.0,0.0,6.815195083618164
711.0,5.0,4.0,0.0,4.140138626098633
712.0,6.0,16.0,64.0,13.068199157714844
713.0,5.0,4.0,0.0,3.912687301635742
714.0,5.0,8.0,0.0,7.9498291015625
715.0,5.0,8.0,0.0,5.3005218505859375
716.0,5.0,8.0,0.0,7.009029388427734
717.0,5.0,4.0,0.0,6.16455078125
718.0,6.0,16.0,64.0,20.707368850708008
719.0,5.0,8.0,0.0,6.832599639892578
720.0,6.0,16.0,32.0,12.00103759765625
721.0,6.0,4.0,32.0,23.25892448425293
722.0,5.0,4.0,0.0,18.332958221435547
723.0,5.0,8.0,0.0,18.461942672729492
724.0,6.0,4.0,32.0,28.757810592651367
725.0,6.0,8.0,32.0,33.664703369140625
726.0,6.0,16.0,8.0,29.027223587036133
727.0,6.0,16.0,16.0,12.041807174682617
728.0,6.0,16.0,8.0,12.555122375488281
729.0,6.0,4.0,64.0,11.60573959350586
730.0,6.0,16.0,64.0,20.430803298950195
731.0,6.0,8.0,16.0,32.33027458190918
732.0,5.0,32.0,0.0,29.17194366455078
733.0,6.0,32.0,32.0,35.63284873962402
735.0,5.0,8.0,0.0,33.415794372558594
734.0,6.0,32.0,32.0,49.26276206970215
736.0,6.0,4.0,8.0,34.78837013244629
737.0,6.0,8.0,32.0,40.786027908325195
738.0,6.0,8.0,8.0,46.56672477722168
739.0,5.0,32.0,0.0,31.713247299194336
740.0,6.0,16.0,64.0,35.35938262939453
741.0,6.0,4.0,8.0,43.674468994140625
744.0,5.0,16.0,0.0,32.91916847229004
742.0,6.0,4.0,64.0,53.67898941040039
745.0,5.0,4.0,0.0,26.28493309020996
743.0,6.0,4.0,64.0,66.32757186889648
747.0,5.0,16.0,0.0,38.965702056884766
746.0,6.0,8.0,8.0,51.1775016784668
748.0,6.0,8.0,32.0,54.34441566467285
749.0,6.0,8.0,64.0,28.423547744750977
750.0,6.0,4.0,8.0,41.166067123413086
751.0,6.0,16.0,8.0,55.948734283447266
752.0,6.0,4.0,32.0,42.26541519165039
753.0,5.0,4.0,0.0,4.2934417724609375
754.0,5.0,8.0,0.0,5.054473876953125
755.0,6.0,8.0,64.0,13.258934020996094
756.0,5.0,4.0,0.0,11.1083984375
757.0,5.0,4.0,0.0,5.008459091186523
758.0,6.0,32.0,16.0,14.969587326049805
759.0,6.0,16.0,16.0,27.315378189086914
760.0,6.0,4.0,64.0,19.609451293945312
761.0,5.0,16.0,0.0,8.898258209228516
762.0,6.0,32.0,32.0,16.887426376342773
763.0,6.0,8.0,16.0,12.289285659790039
764.0,5.0,16.0,0.0,14.833927154541016
765.0,5.0,16.0,0.0,8.805036544799805
766.0,5.0,4.0,0.0,5.396842956542969
767.0,6.0,8.0,16.0,18.835783004760742
768.0,6.0,16.0,16.0,17.0748233795166
769.0,5.0,32.0,0.0,15.716314315795898
770.0,6.0,8.0,16.0,17.95172691345215
771.0,5.0,8.0,0.0,14.093399047851562
772.0,5.0,32.0,0.0,16.67928695678711
773.0,6.0,32.0,8.0,12.609720230102539
774.0,6.0,16.0,8.0,20.334720611572266
775.0,5.0,32.0,0.0,15.755653381347656
776.0,6.0,16.0,8.0,12.508153915405273
777.0,5.0,32.0,0.0,15.682697296142578
778.0,6.0,8.0,32.0,26.3211727142334
779.0,6.0,4.0,64.0,28.444766998291016
780.0,6.0,8.0,64.0,11.375665664672852
781.0,6.0,32.0,32.0,14.744043350219727
782.0,6.0,16.0,64.0,11.728286743164062
783.0,5.0,32.0,0.0,15.680551528930664
784.0,6.0,16.0,8.0,19.778966903686523
785.0,5.0,8.0,0.0,5.021095275878906
786.0,6.0,16.0,16.0,15.439510345458984
787.0,5.0,32.0,0.0,30.405521392822266
788.0,5.0,8.0,0.0,5.746126174926758
789.0,5.0,8.0,0.0,6.045341491699219
790.0,5.0,32.0,0.0,19.449234008789062
791.0,6.0,32.0,64.0,12.023448944091797
792.0,6.0,4.0,16.0,20.12324333190918
793.0,6.0,4.0,8.0,11.86513900756836
794.0,6.0,16.0,32.0,27.123451232910156
795.0,6.0,16.0,32.0,12.267112731933594
796.0,6.0,16.0,16.0,14.08076286315918
797.0,6.0,8.0,64.0,24.58047866821289
798.0,5.0,4.0,0.0,8.898019790649414
799.0,5.0,16.0,0.0,10.785818099975586
800.0,6.0,4.0,8.0,18.870115280151367
801.0,5.0,8.0,0.0,23.81277084350586
802.0,6.0,8.0,8.0,11.84701919555664
803.0,5.0,4.0,0.0,5.339860916137695
804.0,5.0,4.0,0.0,7.148265838623047
805.0,5.0,32.0,0.0,19.536495208740234
806.0,6.0,32.0,64.0,13.483285903930664
807.0,5.0,8.0,0.0,17.877578735351562
808.0,6.0,32.0,16.0,14.656543731689453
809.0,5.0,4.0,0.0,3.96728515625
810.0,5.0,32.0,0.0,19.6077823638916
811.0,6.0,16.0,64.0,33.90812873840332
812.0,6.0,4.0,16.0,31.19039535522461
813.0,6.0,16.0,32.0,42.572021484375
814.0,6.0,4.0,8.0,17.310380935668945
815.0,5.0,8.0,0.0,9.405851364135742
816.0,5.0,32.0,0.0,26.00860595703125
817.0,6.0,16.0,32.0,32.99760818481445
818.0,5.0,8.0,0.0,18.53346824645996
819.0,6.0,16.0,16.0,11.666536331176758
820.0,5.0,32.0,0.0,19.74940299987793
821.0,5.0,16.0,0.0,16.277313232421875
822.0,5.0,8.0,0.0,6.230354309082031
823.0,6.0,4.0,32.0,19.547224044799805
824.0,6.0,4.0,32.0,16.030311584472656
825.0,5.0,32.0,0.0,19.698381423950195
826.0,6.0,8.0,32.0,28.460025787353516
827.0,5.0,16.0,0.0,11.03830337524414
828.0,5.0,32.0,0.0,19.74940299987793
829.0,5.0,16.0,0.0,10.518312454223633
830.0,5.0,8.0,0.0,6.145954132080078
831.0,6.0,4.0,16.0,17.213821411132812
832.0,6.0,4.0,64.0,19.638776779174805
833.0,6.0,4.0,32.0,27.640819549560547
834.0,5.0,8.0,0.0,6.638765335083008
835.0,6.0,32.0,16.0,19.30379867553711
836.0,5.0,4.0,0.0,19.31476593017578
837.0,5.0,32.0,0.0,18.977880477905273
838.0,6.0,16.0,32.0,23.585081100463867
839.0,5.0,4.0,0.0,3.934621810913086
840.0,6.0,32.0,16.0,15.65694808959961
841.0,6.0,4.0,16.0,24.23262596130371
842.0,6.0,32.0,16.0,12.464284896850586
843.0,5.0,32.0,0.0,20.607948303222656
844.0,6.0,8.0,32.0,11.87443733215332
845.0,5.0,8.0,0.0,6.128072738647461
846.0,5.0,8.0,0.0,6.107091903686523
847.0,5.0,16.0,0.0,10.532855987548828
848.0,5.0,32.0,0.0,19.3178653717041
849.0,6.0,32.0,64.0,21.228551864624023
850.0,6.0,16.0,32.0,17.81773567199707
851.0,6.0,32.0,8.0,33.98275375366211
852.0,6.0,8.0,64.0,20.827293395996094
853.0,6.0,32.0,8.0,17.551422119140625
854.0,5.0,4.0,0.0,4.641294479370117
855.0,6.0,4.0,8.0,15.786886215209961
856.0,6.0,32.0,32.0,17.18926429748535
857.0,6.0,32.0,16.0,12.584209442138672
858.0,5.0,8.0,0.0,6.192922592163086
859.0,6.0,8.0,8.0,15.195369720458984
860.0,5.0,32.0,0.0,22.61209487915039
861.0,5.0,32.0,0.0,19.452810287475586
862.0,6.0,8.0,64.0,16.66426658630371
863.0,6.0,8.0,8.0,18.442153930664062
864.0,6.0,16.0,64.0,17.063617706298828
865.0,5.0,8.0,0.0,6.259679794311523
866.0,5.0,16.0,0.0,10.581254959106445
867.0,5.0,32.0,0.0,26.52263641357422
868.0,6.0,4.0,16.0,41.67604446411133
869.0,6.0,16.0,8.0,53.15971374511719
872.0,5.0,16.0,0.0,36.800384521484375
870.0,6.0,8.0,64.0,64.31078910827637
871.0,6.0,4.0,8.0,68.5737133026123
873,6,4,64,-1
874.0,6.0,8.0,8.0,68.50743293762207
875.0,6.0,32.0,64.0,70.4050064086914
876.0,6.0,8.0,64.0,49.24821853637695
877.0,5.0,8.0,0.0,11.678457260131836
878.0,6.0,8.0,64.0,18.05567741394043
879.0,6.0,32.0,32.0,30.371904373168945
880.0,5.0,8.0,0.0,27.42314338684082
881.0,6.0,32.0,16.0,35.74347496032715
882.0,5.0,32.0,0.0,22.27926254272461
883.0,6.0,16.0,16.0,19.414901733398438
884.0,6.0,4.0,8.0,27.890443801879883
885.0,6.0,16.0,32.0,12.428522109985352
886.0,6.0,4.0,16.0,16.899585723876953
887.0,6.0,8.0,16.0,19.509315490722656
888.0,6.0,4.0,32.0,16.199827194213867
889.0,5.0,4.0,0.0,5.050897598266602
890.0,6.0,8.0,16.0,19.533872604370117
891.0,5.0,8.0,0.0,13.39101791381836
892.0,5.0,4.0,0.0,7.601261138916016
893.0,6.0,4.0,16.0,12.52436637878418
894.0,6.0,32.0,16.0,22.132158279418945
895.0,6.0,16.0,16.0,13.06605339050293
896.0,6.0,8.0,16.0,14.924287796020508
897.0,5.0,16.0,0.0,19.079208374023438
898.0,6.0,4.0,32.0,25.708913803100586
899.0,6.0,16.0,64.0,14.17684555053711
900.0,5.0,8.0,0.0,6.266117095947266
901.0,6.0,8.0,8.0,14.749765396118164
902.0,5.0,32.0,0.0,28.300762176513672
903.0,6.0,8.0,8.0,18.005847930908203
904.0,6.0,8.0,32.0,27.698993682861328
905.0,6.0,32.0,32.0,36.835670471191406
906.0,6.0,8.0,32.0,11.67750358581543
907.0,5.0,4.0,0.0,15.778779983520508
908.0,6.0,4.0,8.0,14.028549194335938
909.0,6.0,32.0,64.0,15.218019485473633
910.0,6.0,16.0,16.0,12.599468231201172
911.0,6.0,8.0,8.0,12.366533279418945
912.0,6.0,4.0,8.0,19.652366638183594
913.0,5.0,4.0,0.0,4.818439483642578
914.0,5.0,16.0,0.0,12.967586517333984
915.0,5.0,4.0,0.0,9.585857391357422
916.0,5.0,16.0,0.0,13.899564743041992
917.0,6.0,16.0,64.0,17.9598331451416
918.0,5.0,4.0,0.0,6.849765777587891
919.0,5.0,32.0,0.0,23.897647857666016
920.0,5.0,8.0,0.0,14.52493667602539
921.0,5.0,8.0,0.0,11.289596557617188
922.0,6.0,16.0,64.0,15.873432159423828
923.0,6.0,32.0,32.0,15.251398086547852
924.0,6.0,16.0,64.0,11.952638626098633
925.0,6.0,16.0,64.0,12.214899063110352
926.0,6.0,4.0,16.0,13.88406753540039
927.0,6.0,32.0,64.0,12.665271759033203
928.0,5.0,8.0,0.0,7.83991813659668
929.0,6.0,8.0,16.0,14.966011047363281
930.0,5.0,16.0,0.0,23.77605438232422
931.0,5.0,8.0,0.0,7.946491241455078
932.0,6.0,8.0,64.0,13.092279434204102
933.0,5.0,4.0,0.0,15.212059020996094
934.0,5.0,4.0,0.0,17.347335815429688
935.0,5.0,8.0,0.0,7.872343063354492
936.0,5.0,16.0,0.0,13.565301895141602
937.0,6.0,32.0,64.0,11.666297912597656
938.0,5.0,8.0,0.0,16.98589324951172
939.0,5.0,32.0,0.0,33.39409828186035
940.0,6.0,32.0,8.0,17.39978790283203
941.0,5.0,8.0,0.0,23.10800552368164
942.0,5.0,16.0,0.0,13.658761978149414
943.0,6.0,16.0,16.0,19.01721954345703
944.0,6.0,16.0,8.0,13.419389724731445
945.0,5.0,4.0,0.0,7.59434700012207
946.0,5.0,8.0,0.0,8.189678192138672
947.0,6.0,4.0,32.0,11.883974075317383
948.0,5.0,32.0,0.0,25.503158569335938
949.0,6.0,4.0,32.0,25.3145694732666
950.0,6.0,4.0,32.0,31.060457229614258
951.0,6.0,8.0,16.0,38.79809379577637
952.0,6.0,32.0,8.0,49.92485046386719
953.0,6.0,16.0,64.0,38.777828216552734
954.0,6.0,4.0,64.0,15.990257263183594
955.0,5.0,16.0,0.0,28.874874114990234
956.0,6.0,8.0,64.0,37.279605865478516
957.0,6.0,16.0,16.0,41.49746894836426
958.0,6.0,16.0,16.0,53.08389663696289
959.0,5.0,32.0,0.0,45.02081871032715
960.0,5.0,16.0,0.0,56.997060775756836
961.0,5.0,16.0,0.0,23.000001907348633
962.0,5.0,4.0,0.0,5.13911247253418
963.0,5.0,32.0,0.0,25.333642959594727
964.0,5.0,32.0,0.0,47.766923904418945
965.0,6.0,16.0,64.0,58.70485305786133
966.0,5.0,32.0,0.0,68.65119934082031
967.0,6.0,8.0,64.0,72.44300842285156
968.0,5.0,32.0,0.0,39.797067642211914
969.0,6.0,16.0,32.0,35.89010238647461
970.0,5.0,16.0,0.0,39.85238075256348
971.0,5.0,4.0,0.0,39.63041305541992
972.0,6.0,8.0,32.0,17.668962478637695
973.0,6.0,8.0,64.0,14.221906661987305
974.0,5.0,4.0,0.0,4.615306854248047
975.0,5.0,32.0,0.0,16.247034072875977
976.0,5.0,8.0,0.0,5.3310394287109375
977.0,5.0,32.0,0.0,19.520044326782227
978.0,5.0,8.0,0.0,19.563674926757812
979.0,5.0,32.0,0.0,16.125917434692383
980.0,6.0,4.0,64.0,16.220569610595703
981.0,5.0,4.0,0.0,15.189647674560547
983.0,6.0,4.0,16.0,22.395610809326172
982.0,5.0,8.0,0.0,31.594276428222656
984.0,6.0,4.0,32.0,21.9266414642334
985.0,6.0,8.0,32.0,17.383813858032227
986.0,5.0,16.0,0.0,8.944034576416016
987.0,5.0,16.0,0.0,9.107828140258789
988.0,6.0,16.0,16.0,12.92276382446289
989.0,6.0,4.0,64.0,11.538028717041016
990.0,5.0,32.0,0.0,26.742935180664062
991.0,6.0,4.0,16.0,26.925325393676758
992.0,6.0,4.0,8.0,31.734466552734375
993.0,5.0,32.0,0.0,32.08136558532715
994.0,5.0,4.0,0.0,32.99570083618164
995.0,5.0,32.0,0.0,22.411823272705078
996.0,6.0,8.0,64.0,11.342048645019531
997.0,5.0,32.0,0.0,16.44110679626465
998.0,5.0,16.0,0.0,8.836984634399414
999.0,5.0,32.0,0.0,16.39413833618164
1000.0,6.0,4.0,16.0,13.676166534423828
