model,start,end,bs,seq_len,model,start,end,bs,seq_len,median,mean,var
resnet101,0,35,4,0,bert,0,12,4,16,16156.0,16692.530612244896,2273.5588222983465
resnet101,0,35,4,0,bert,0,11,4,16,16099.5,16111.34693877551,190.25391744422453
resnet101,0,35,4,0,bert,0,12,4,8,16188.0,16246.377551020409,280.0473179881747
resnet101,0,35,4,0,bert,7,12,4,8,16013.5,16062.622448979591,300.00287465650354
resnet101,0,35,4,0,bert,8,9,4,8,15960.0,15991.683673469388,295.366275448332
resnet101,0,1,4,0,bert,0,12,4,16,10605.5,10798.0,382.29684480913573
resnet101,0,16,4,0,bert,0,12,4,16,10726.5,10828.051020408164,523.7928662979986
resnet101,0,35,4,0,bert,9,12,4,64,16068.0,16078.061224489797,342.1407938001169
resnet101,0,35,4,0,bert,0,0,4,16,15951.5,15975.326530612245,261.1977816384766
resnet101,0,35,4,0,bert,0,11,4,32,16117.5,16140.438775510203,188.18342475787463
resnet101,16,35,4,0,bert,0,12,4,64,10793.0,10932.42857142857,586.6020101971583
resnet101,0,35,4,0,bert,0,12,4,64,16155.0,16183.336734693878,182.86177136315965
resnet101,0,26,4,0,bert,0,12,4,8,12269.5,12278.081632653062,120.12456744337061
resnet101,6,35,4,0,bert,0,5,4,8,13431.0,13461.546391752578,196.43135894159147
resnet101,0,26,4,0,bert,0,12,4,64,12310.0,12310.908163265307,133.60817574998413
resnet101,0,11,4,0,bert,0,12,4,32,10773.0,10848.07142857143,292.5120004515426
resnet101,0,35,4,0,bert,0,3,4,64,16178.5,17325.11224489796,2072.4264536452024
resnet101,10,35,4,0,bert,0,12,4,16,12589.5,13596.540816326531,2140.333848498384
resnet101,0,35,4,0,bert,6,12,4,64,16340.0,16348.602040816326,177.86401247754023
resnet101,0,35,4,0,bert,4,12,4,16,16242.5,16263.020408163266,175.04978764607355
resnet101,0,35,4,0,bert,9,12,4,16,16265.5,16280.622448979591,255.22177292228486
resnet101,0,35,4,0,bert,0,11,4,8,16377.5,16402.84693877551,171.75916646903917
resnet101,0,35,4,0,bert,7,12,4,16,16238.0,16260.755102040815,189.1177724639445
resnet101,25,35,4,0,bert,0,12,4,64,10548.0,10636.072164948453,345.01977374747133
resnet101,28,35,4,0,bert,0,12,4,32,10733.0,10929.57142857143,796.5111424204938
resnet101,8,20,4,0,bert,0,12,4,64,10917.5,10962.92857142857,391.0592170304771
resnet101,32,35,4,0,bert,0,12,4,16,10656.5,10718.785714285714,172.494321113266
resnet101,0,35,4,0,bert,0,5,4,8,16052.0,16088.959183673469,230.97216540347526
resnet101,8,15,4,0,bert,0,12,4,8,10715.0,10987.877551020409,723.6564082844463
resnet101,2,35,4,0,bert,0,7,4,32,15733.5,16444.29591836735,1512.7723988755436
resnet101,0,35,4,0,bert,1,12,4,64,16282.0,16308.387755102041,190.43144530320234
resnet101,0,35,4,0,bert,1,12,4,16,16285.0,16349.0,303.61929034464816
resnet101,0,2,4,0,bert,3,12,4,16,8128.0,8160.602040816327,157.8375385238367
resnet101,29,35,4,0,bert,0,12,4,32,10710.0,10767.530612244898,213.55380739927628
resnet101,0,35,4,0,bert,0,12,4,32,16661.5,18442.5,2441.2830277189437
resnet101,0,35,4,0,bert,0,1,4,32,16153.0,16169.918367346938,234.6613136237419
resnet101,0,16,4,0,bert,3,12,4,32,8287.5,8512.612244897959,907.3661326198883
resnet101,1,35,4,0,bert,0,10,4,16,16202.5,16428.336734693876,893.4901863704818
resnet101,0,35,4,0,bert,0,9,4,32,16149.5,16354.938775510203,871.6856273830927
resnet101,0,21,4,0,bert,1,12,4,8,12698.5,12165.540816326531,1790.8335430592854
resnet101,0,35,4,0,bert,0,4,4,16,16061.5,16287.734693877552,1026.8081070951546
resnet101,0,9,4,0,bert,0,12,4,64,10689.0,11052.959183673469,1071.0261045844657
resnet101,7,35,4,0,bert,0,3,4,8,13214.5,14606.244897959185,1920.7174576886334
resnet101,0,35,4,0,bert,1,12,4,8,16105.5,16133.836734693878,189.99805014453577
resnet101,0,21,4,0,bert,0,12,4,64,10758.5,11273.459183673469,1441.9219399770184
resnet101,7,17,4,0,bert,0,12,4,8,10692.5,10899.459183673469,690.3492338378873
resnet101,0,34,4,0,bert,0,12,4,16,16228.0,17566.275510204083,2181.402927067023
resnet101,26,35,4,0,bert,0,12,4,64,10750.5,11014.673469387755,991.9277847265158
resnet101,27,35,4,0,bert,0,5,4,16,4844.5,5030.755102040816,725.5875038472446
resnet101,27,35,4,0,bert,0,12,4,16,10670.5,10842.459183673469,676.2060754661205
resnet101,0,35,4,0,bert,11,12,4,64,16062.5,17532.877551020407,2277.374989357068
resnet101,32,35,4,0,bert,0,12,4,8,10663.0,10811.030927835052,617.5473679166552
resnet101,0,35,4,0,bert,0,2,4,16,16217.0,17304.561224489797,2098.5820434737207
resnet101,22,35,4,0,bert,0,10,4,8,9064.5,9390.183673469388,1063.5728518357432
resnet101,0,35,4,0,bert,0,7,4,8,16106.5,16170.622448979591,411.15135788159574
resnet101,0,35,4,0,bert,0,8,4,16,16057.5,16149.969387755102,400.7786414856132
resnet101,31,34,4,0,bert,0,12,4,16,10619.5,10703.663265306122,247.2053572448669
resnet101,0,33,4,0,bert,0,12,4,16,15359.5,16602.071428571428,1804.8964821353302
resnet101,25,35,4,0,bert,0,12,4,32,10809.0,11039.591836734693,704.6503668665744
resnet101,0,7,4,0,bert,0,12,4,8,10661.0,10692.816326530612,196.86332910343992
resnet101,0,28,4,0,bert,0,12,4,32,13129.5,13149.285714285714,131.447436534261
resnet101,0,33,4,0,bert,0,12,4,8,15705.0,16203.448979591836,1533.587019166536
resnet101,0,35,4,0,bert,5,11,4,16,16191.5,16209.530612244898,200.1877284298687
resnet101,0,13,4,0,bert,0,12,4,8,10798.5,10898.367346938776,282.789977153851
resnet101,0,35,4,0,bert,8,12,4,64,16006.5,16513.418367346938,1430.5127946233154
resnet101,29,35,4,0,bert,0,12,4,16,10970.5,11146.908163265307,505.6159930049095
resnet101,10,35,4,0,bert,0,12,4,64,11952.0,12846.65306122449,1278.5719241981546
resnet101,0,35,4,0,bert,2,2,4,32,15898.5,15917.80612244898,249.65795614111008
resnet101,0,35,4,0,bert,0,4,4,64,15945.5,15969.244897959185,210.41897278197672
resnet101,0,14,4,0,bert,7,12,4,64,6812.5,6829.928571428572,108.77755339429628
resnet101,0,16,4,0,bert,0,12,4,64,10738.5,10982.183673469388,972.9706494192943
resnet101,4,8,4,0,bert,0,12,4,16,10523.5,10591.673469387755,211.50243765229115
resnet101,0,35,4,0,bert,0,12,8,8,16196.0,16861.469387755104,1418.6880919089
resnet101,0,35,4,0,bert,0,12,8,16,16135.0,16150.010204081633,212.52493226596314
resnet101,18,35,4,0,bert,0,12,8,32,10843.5,10956.326530612245,535.5170451280308
resnet101,0,35,4,0,bert,3,12,8,64,16166.5,16158.051020408164,184.1540156460092
resnet101,0,35,4,0,bert,0,12,8,32,16188.0,16402.479591836734,933.6150304561892
resnet101,0,35,4,0,bert,10,12,8,8,16003.0,16033.42857142857,210.9782849837724
resnet101,0,13,4,0,bert,0,12,8,32,10665.5,10777.142857142857,554.8400762418678
resnet101,17,35,4,0,bert,0,12,8,16,10797.0,11011.132653061224,695.456605811197
resnet101,0,35,4,0,bert,1,10,8,16,16130.0,16161.540816326531,183.90559736503604
resnet101,7,35,4,0,bert,0,12,8,32,13275.5,13812.07142857143,1398.6770735671794
resnet101,0,14,4,0,bert,0,12,8,32,10636.5,10699.397959183674,205.27590889177736
resnet101,1,35,4,0,bert,0,12,8,64,16171.0,16210.489795918367,301.03953380957273
resnet101,0,22,4,0,bert,0,12,8,8,10803.0,10889.897959183674,332.8298422217967
resnet101,23,35,4,0,bert,0,6,8,8,5772.0,6243.5,1015.2690429594693
resnet101,0,30,4,0,bert,0,12,8,8,14094.5,14114.275510204081,194.1966066987555
resnet101,2,35,4,0,bert,0,12,8,16,15488.5,15497.040816326531,170.09366677476453
resnet101,0,35,4,0,bert,0,0,8,32,15949.5,15981.418367346938,227.05361784593146
resnet101,0,13,4,0,bert,0,12,8,16,10817.0,11106.244897959185,1216.439426687782
resnet101,0,35,4,0,bert,9,11,8,32,15969.0,16074.336734693878,628.838692269695
resnet101,0,12,4,0,bert,0,12,8,16,10754.0,10815.173469387755,247.33770294099244
resnet101,9,35,4,0,bert,0,12,8,8,12032.0,12057.530612244898,229.16579881955496
resnet101,0,35,4,0,bert,0,2,8,64,16009.5,16385.80612244898,1102.1558804726646
resnet101,0,8,4,0,bert,5,12,8,8,6474.5,6504.551020408163,98.27430607057292
resnet101,0,35,4,0,bert,11,12,8,16,16164.0,16482.244897959183,1135.4510571972248
resnet101,0,35,4,0,bert,6,12,8,64,16320.5,16349.612244897959,193.88828219495747
resnet101,0,28,4,0,bert,0,12,8,8,13369.0,13731.540816326531,1132.7768046488036
resnet101,6,35,4,0,bert,0,12,8,64,13649.5,13726.091836734693,365.8425301576303
resnet101,0,35,4,0,bert,2,10,8,32,16209.5,16679.581632653062,1499.0198357012844
resnet101,34,35,4,0,bert,0,12,8,32,10956.0,10934.275510204081,377.1696089162617
resnet101,0,31,4,0,bert,0,12,8,32,14589.5,15357.816326530612,1760.7966329450394
resnet101,0,35,4,0,bert,4,12,8,16,16115.5,16123.112244897959,193.67866732449676
resnet101,25,35,4,0,bert,0,12,8,32,10846.5,10962.112244897959,317.42490298295115
resnet101,0,15,4,0,bert,0,12,8,32,10741.5,10800.867346938776,170.08963049864428
resnet101,0,23,4,0,bert,0,12,8,32,13272.0,13131.112244897959,2325.3626308496714
resnet101,0,35,4,0,bert,9,10,8,32,16236.5,16260.673469387755,264.67137018212946
resnet101,0,4,4,0,bert,0,12,8,64,10703.5,10738.285714285714,178.57577137576357
resnet101,25,25,4,0,bert,0,12,8,8,10466.5,10523.102040816326,207.7316994958326
resnet101,0,13,4,0,bert,0,12,8,64,10793.0,10852.938775510203,212.35721812148637
resnet101,26,35,4,0,bert,0,12,8,64,10725.5,10771.959183673469,178.52215996714136
resnet101,0,35,4,0,bert,0,12,8,64,16246.0,17939.34693877551,2326.820547275901
resnet101,3,27,4,0,bert,0,12,8,64,14207.0,13789.734693877552,2085.357941922487
resnet101,0,35,4,0,bert,0,11,8,64,16121.5,16297.469387755102,781.1035260774629
resnet101,30,35,4,0,bert,0,12,8,64,10679.0,10751.244897959185,198.34241990858553
resnet101,0,26,4,0,bert,0,12,8,8,14913.5,13796.010204081633,1660.5915130956394
resnet101,28,35,4,0,bert,0,6,8,8,5649.5,5845.561224489796,995.5616204580773
resnet101,0,35,4,0,bert,0,11,8,16,16208.5,16676.673469387755,1400.8960017301333
resnet101,1,30,4,0,bert,0,12,8,32,13918.5,13942.224489795919,162.29543045689448
resnet101,0,27,4,0,bert,0,12,8,16,12887.0,13425.948979591836,1387.5259024789336
resnet101,0,1,4,0,bert,0,12,8,64,10646.0,10715.92857142857,215.74920483690104
resnet101,0,35,4,0,bert,0,5,8,16,16087.0,17154.04081632653,1995.5532500648112
resnet101,30,35,4,0,bert,0,12,8,32,10650.0,10774.255102040815,408.73491512386863
resnet101,0,35,4,0,bert,1,12,8,64,16253.0,17709.969387755104,2245.1282652967334
resnet101,0,35,4,0,bert,10,11,8,32,15910.0,15918.867346938776,219.7475192103058
resnet101,25,35,4,0,bert,0,6,8,64,5651.0,5758.173469387755,405.4868080974084
resnet101,0,35,4,0,bert,0,9,8,64,16101.5,16126.163265306122,192.15983429392418
resnet101,0,24,4,0,bert,0,12,8,32,11544.5,12418.775510204081,1770.8359292661312
resnet101,0,2,4,0,bert,0,12,8,8,10496.0,10534.020408163266,142.59110797417486
resnet101,0,35,4,0,bert,9,12,8,16,16069.5,17021.173469387755,1909.7076441787895
resnet101,0,35,4,0,bert,11,12,8,8,15941.0,16269.959183673469,1192.679917701782
resnet101,23,35,4,0,bert,0,12,8,8,10708.5,10827.295918367347,468.1999008182268
resnet101,0,35,4,0,bert,6,12,8,8,16134.5,17172.34693877551,1864.926808773595
resnet101,15,35,4,0,bert,0,12,8,32,10663.5,10773.081632653062,552.4643062340232
resnet101,0,34,4,0,bert,7,12,8,64,15859.5,15887.632653061224,203.3040543757412
resnet101,0,25,4,0,bert,0,12,8,64,12529.0,13796.275510204081,2304.0807666390883
resnet101,19,35,4,0,bert,0,1,8,8,7525.0,7526.734693877551,108.45873390188623
resnet101,0,35,4,0,bert,0,10,8,32,16193.0,16252.102040816326,405.40049459299286
resnet101,0,35,4,0,bert,10,12,8,32,16003.0,16423.744897959183,1284.7009761762674
resnet101,0,33,4,0,bert,0,12,16,16,15545.0,15809.612244897959,1001.7840884392517
resnet101,5,35,4,0,bert,0,12,16,8,14025.5,15125.132653061224,2026.6155794557983
resnet101,0,24,4,0,bert,0,12,16,32,12642.0,13178.714285714286,2124.748835096727
resnet101,0,35,4,0,bert,0,3,16,64,16220.0,16336.551020408164,605.2350887903314
resnet101,0,35,4,0,bert,0,12,16,8,16358.5,16641.530612244896,1073.0814793424536
resnet101,0,35,4,0,bert,10,12,16,64,15954.5,16315.510204081633,1207.9893080086526
resnet101,0,1,4,0,bert,0,12,16,8,10676.0,10876.92857142857,427.44170744711624
resnet101,0,35,4,0,bert,2,12,16,32,16151.0,16701.367346938776,1332.6056675011653
resnet101,0,35,4,0,bert,0,12,16,16,16138.5,16602.948979591838,1456.050146117627
resnet101,0,35,4,0,bert,0,2,16,16,16183.0,16677.938775510203,1515.497398083712
resnet101,0,35,4,0,bert,0,12,16,64,16350.5,17507.88775510204,2064.850520273696
resnet101,0,35,4,0,bert,0,4,16,32,16199.5,17094.73469387755,1822.9859871113927
resnet101,0,35,4,0,bert,10,12,16,16,15880.5,15911.367346938776,212.36699980751948
resnet101,0,35,4,0,bert,1,12,16,16,16071.5,16448.622448979593,1243.2370808047353
resnet101,0,0,4,0,bert,0,12,16,8,11079.0,10975.765306122448,403.2005071926579
resnet101,0,35,4,0,bert,10,11,16,32,15958.5,16329.683673469388,1251.4919227028943
resnet101,25,35,4,0,bert,0,12,16,64,11050.5,11112.459183673469,253.58849714655415
resnet101,12,35,4,0,bert,0,8,16,16,12973.5,12285.581632653062,1536.556286937757
resnet101,22,35,4,0,bert,0,10,16,8,9244.0,9354.295918367347,364.02896299842354
resnet101,0,35,4,0,bert,0,9,16,16,15980.5,16000.704081632653,222.4870649385553
resnet101,0,8,4,0,bert,0,12,16,64,11671.0,11683.030612244898,62.11731069017926
resnet101,0,35,4,0,bert,5,12,16,32,15909.0,16494.19587628866,1372.126655805004
resnet101,13,14,4,0,bert,0,12,16,8,10909.5,10937.755102040815,352.083392870487
resnet101,0,35,4,0,bert,8,12,16,64,16044.0,16833.73469387755,1797.6281513230115
resnet101,19,20,4,0,bert,0,12,16,32,10771.0,10784.540816326531,221.1695336608136
resnet101,1,35,4,0,bert,0,12,16,8,16056.0,16734.85714285714,1431.97039218052
resnet101,12,35,4,0,bert,0,5,16,32,10618.5,10615.316326530612,136.69298213916272
resnet101,0,35,4,0,bert,0,7,16,32,16011.0,16041.459183673469,198.1794779407914
resnet101,13,35,4,0,bert,0,12,16,16,10835.0,11198.081632653062,1271.943641042783
resnet101,0,35,4,0,bert,4,12,16,32,16046.5,16064.448979591836,183.46529018601967
resnet101,31,35,4,0,bert,0,12,16,64,10889.0,10957.530612244898,224.41312141425792
resnet101,4,9,4,0,bert,0,12,16,64,10862.5,10926.602040816326,291.1518553143324
resnet101,9,35,4,0,bert,0,4,16,32,12410.5,13597.326530612245,1773.6007233960017
resnet101,3,28,4,0,bert,0,12,16,32,12039.0,12886.632653061224,1729.4513485776472
resnet101,0,35,4,0,bert,2,12,16,64,16025.0,16028.775510204081,188.62897014997918
resnet101,0,35,4,0,bert,3,12,16,32,16053.0,16286.540816326531,891.7948442620617
resnet101,0,35,4,0,bert,0,12,16,32,16038.0,16070.649484536083,212.4811230541986
resnet101,0,35,4,0,bert,8,11,16,8,15915.0,15969.724489795919,225.5533685257463
resnet101,0,22,4,0,bert,0,12,16,16,10812.0,11131.051020408164,1094.4566853797496
resnet101,0,20,4,0,bert,0,12,16,32,10827.5,10870.244897959185,171.60503187192705
resnet101,0,35,4,0,bert,0,1,16,32,15931.5,15941.612244897959,232.2536716896587
resnet101,0,19,4,0,bert,2,12,16,64,11304.5,11336.948979591836,147.99457880646045
resnet101,0,28,4,0,bert,0,12,16,16,13120.0,13138.163265306122,129.54557104391054
resnet101,0,6,4,0,bert,0,12,16,16,10680.0,10809.42857142857,626.6521347280193
resnet101,0,20,4,0,bert,0,12,16,64,12877.0,13127.5,1004.3686437005985
resnet101,0,35,4,0,bert,11,12,16,64,15871.0,15871.489795918367,206.4043606611991
resnet101,0,5,4,0,bert,3,12,16,16,8154.5,8294.091836734693,590.0458143183338
resnet101,16,35,4,0,bert,0,12,16,32,10952.0,11303.714285714286,1020.0388648057906
resnet101,0,35,4,0,bert,6,12,16,8,16168.5,16663.826530612245,1528.2632601608113
resnet101,0,35,4,0,bert,9,12,16,8,16019.0,16095.520408163266,578.3512496319635
resnet101,0,35,4,0,bert,2,9,16,32,16035.5,16077.244897959185,325.7551058764565
resnet101,0,18,4,0,bert,0,12,16,16,10828.0,10922.744897959185,632.5965814979944
resnet101,12,35,4,0,bert,0,12,16,16,10855.5,11205.234693877552,954.7521614622001
resnet101,0,8,4,0,bert,0,12,16,16,10690.0,10699.775510204081,125.29626365524307
resnet101,2,35,4,0,bert,0,12,16,16,15577.0,16711.316326530614,1674.8688501621998
resnet101,0,35,4,0,bert,5,12,16,64,16059.0,16669.744897959183,1772.8905102835768
resnet101,0,13,4,0,bert,9,12,16,8,6407.0,6421.622448979592,67.32733248930147
resnet101,0,35,4,0,bert,0,6,16,32,16202.5,16201.040816326531,186.98144174895347
resnet101,0,35,4,0,bert,1,7,16,16,16139.0,16155.918367346938,160.95852384180978
resnet101,0,35,4,0,bert,3,6,16,8,16155.0,16182.867346938776,215.21202823504754
resnet101,0,35,4,0,bert,0,11,16,32,16257.5,16274.030612244898,180.73667021622825
resnet101,31,34,4,0,bert,0,12,16,16,10637.5,10675.132653061224,248.5694021984359
resnet101,0,35,4,0,bert,9,12,16,32,16158.0,17485.091836734693,2269.100334560089
resnet101,10,26,4,0,bert,0,12,16,64,11249.0,11274.479591836734,153.666298244475
resnet101,0,35,4,0,bert,0,1,16,8,16089.5,16107.122448979591,235.4380747607823
resnet101,1,35,4,0,bert,0,9,16,32,16121.0,16194.173469387755,388.61890533251324
resnet101,0,30,4,0,bert,0,12,16,32,14233.5,14264.561224489797,278.564324683287
resnet101,0,35,4,0,bert,9,9,16,8,16038.5,16134.448979591836,692.8977620265546
resnet101,0,35,4,0,bert,9,10,16,32,16099.5,16126.07142857143,285.4980342331982
resnet101,0,35,4,0,bert,0,1,16,64,16105.5,16131.397959183674,240.45555148661683
resnet101,34,35,4,0,bert,0,8,16,64,7434.0,7488.857142857143,185.26478568882575
resnet101,0,35,4,0,bert,1,12,32,16,16442.0,16947.0,1263.5230064209761
resnet101,0,6,4,0,bert,0,12,32,64,18944.0,18953.632653061224,47.444572979490125
resnet101,0,35,4,0,bert,0,3,32,8,16074.0,16887.98969072165,1810.506954663088
resnet101,10,35,4,0,bert,0,4,32,8,11473.5,11477.112244897959,140.43393992449097
resnet101,0,35,4,0,bert,2,12,32,64,20909.0,20914.877551020407,56.690218950139396
resnet101,0,35,4,0,bert,0,12,32,8,16105.0,16377.030612244898,1108.474484476914
resnet101,0,35,4,0,bert,0,9,32,16,16104.0,16089.612244897959,149.55523398840904
resnet101,0,14,4,0,bert,11,12,32,32,6779.5,6786.65306122449,108.76722026839987
resnet101,0,14,4,0,bert,0,12,32,32,12214.5,12313.132653061224,533.8884626646568
resnet101,0,35,4,0,bert,0,12,32,32,16063.5,16103.0,189.30980978711233
resnet101,34,35,4,0,bert,0,12,32,8,10428.0,10478.551020408164,183.75461246183613
resnet101,0,22,4,0,bert,0,12,32,64,20788.0,20802.0,90.32153332092685
resnet101,0,35,4,0,bert,0,12,32,16,16283.5,16291.673469387755,137.30279182545922
resnet101,18,35,4,0,bert,0,12,32,16,10958.0,11016.938775510203,178.47350551252475
resnet101,0,35,4,0,bert,0,12,32,64,23285.0,23291.673469387755,43.03078525660534
resnet101,0,0,4,0,bert,6,12,32,16,5609.0,5648.469387755102,142.74111031197194
resnet101,0,35,4,0,bert,0,0,32,8,16121.0,16133.030612244898,209.76271599613247
resnet101,0,35,4,0,bert,9,12,32,8,16179.5,16201.826530612245,210.38157876554143
resnet101,0,6,4,0,bert,0,12,32,8,10638.5,10768.438775510203,550.4618295971108
resnet101,12,35,4,0,bert,0,12,32,8,13052.0,12650.867346938776,2113.570871615603
resnet101,0,35,4,0,bert,0,5,32,32,16038.5,16036.948979591836,176.20664888477867
resnet101,0,35,4,0,bert,0,11,32,16,16061.5,16077.795918367347,199.05485651374502
resnet101,0,35,4,0,bert,4,6,32,64,15976.0,15978.826530612245,193.51085111747156
resnet101,0,13,4,0,bert,6,12,32,8,6472.5,6944.255102040816,970.4508452704928
resnet101,0,35,4,0,bert,0,3,32,16,16108.5,16135.520408163266,201.20398977623236
resnet101,25,35,4,0,bert,0,1,32,32,4792.0,4802.744897959184,59.34047578007708
resnet101,0,35,4,0,bert,0,8,32,32,16213.0,16234.102040816326,174.8658080133495
resnet101,0,35,4,0,bert,0,6,32,8,16139.5,16147.459183673469,212.2850494301907
resnet101,0,25,4,0,bert,0,12,32,16,12105.0,13378.051020408164,2217.647725896164
resnet101,13,35,4,0,bert,0,12,32,64,19331.0,19336.11224489796,72.56620940921235
resnet101,0,21,4,0,bert,0,12,32,64,20686.5,20694.571428571428,49.51046065515563
resnet101,0,6,4,0,bert,0,12,32,32,11309.0,11375.581632653062,393.4762634095253
resnet101,0,32,4,0,bert,4,12,32,8,15209.0,16362.204081632653,1677.7056974720801
resnet101,0,35,4,0,bert,0,11,32,32,15862.5,16167.469387755102,993.1438661436765
resnet101,0,18,4,0,bert,0,12,32,16,10800.5,10903.714285714286,642.7612785665374
resnet101,29,35,4,0,bert,0,3,32,64,5252.5,5268.642857142857,105.06123093176646
resnet101,13,35,4,0,bert,0,12,32,16,10892.5,10976.591836734693,363.73790285613273
resnet101,0,35,4,0,bert,0,9,32,32,16012.5,16054.724489795919,187.46971350562885
resnet101,8,27,4,0,bert,0,12,32,32,11512.5,11581.15306122449,332.4303932677936
resnet101,17,35,4,0,bert,0,12,32,16,10967.5,11035.84693877551,331.4974790448306
resnet101,0,19,4,0,bert,7,12,32,16,9056.5,9055.724489795919,103.9283289749008
resnet101,0,35,4,0,bert,7,12,32,64,15988.0,16022.265306122448,199.4215385078168
resnet101,0,35,4,0,bert,0,4,32,8,15998.0,16001.367346938776,217.87083740354157
resnet101,0,35,4,0,bert,7,9,32,16,15956.5,16272.459183673469,1122.4809363261634
resnet101,0,35,4,0,bert,10,12,32,8,15968.0,15990.551020408164,209.86186528037618
resnet101,0,23,4,0,bert,0,12,32,16,11024.5,11875.908163265307,1706.4378106951615
resnet101,25,35,4,0,bert,0,12,32,64,18042.0,18052.479591836734,40.921834297626276
resnet101,0,7,4,0,bert,9,12,32,16,4120.5,4102.34693877551,97.59203945045053
resnet101,0,35,4,0,bert,0,11,32,8,16237.0,16257.551020408164,151.81521544896583
resnet101,5,5,4,0,bert,0,12,32,32,11581.5,11416.458333333334,450.77343063216233
resnet101,0,35,4,0,bert,11,12,32,32,16102.5,16115.683673469388,212.31900320319778
resnet101,0,35,4,0,bert,0,10,32,16,16209.5,16214.908163265307,209.97847735844084
resnet101,0,35,4,0,bert,0,9,32,8,16194.5,16500.255102040817,1301.8411554819668
resnet101,0,35,4,0,bert,5,5,32,64,15553.0,15755.07142857143,721.0422763511958
resnet101,13,35,4,0,bert,0,12,32,8,10656.0,11023.581632653062,1102.3701267711015
resnet101,0,35,4,0,bert,5,12,32,16,16052.0,16070.602040816326,183.09374981228842
resnet101,0,10,4,0,bert,6,12,32,16,5691.0,6025.1122448979595,996.5137073988175
resnet101,0,35,4,0,bert,9,12,32,64,16139.0,16443.35714285714,1211.8392687420662
resnet101,0,35,4,0,bert,0,2,32,32,15870.5,15963.459183673469,214.91674554976154
resnet101,0,35,4,0,bert,6,12,32,32,15887.0,15915.285714285714,144.52116574031214
resnet101,0,35,4,0,bert,0,7,32,32,15926.0,15970.918367346938,145.81793746700149
resnet101,0,35,4,0,bert,2,12,32,8,15990.5,16045.469387755102,180.6800195678917
resnet101,0,35,4,0,bert,2,4,32,64,16080.0,16095.65306122449,180.43344083695118
resnet101,0,35,4,0,bert,0,7,32,16,16173.5,16183.19387755102,186.54154530768992
resnet101,0,35,4,0,bert,5,6,32,32,16075.5,16102.30612244898,194.14913309330785
resnet101,2,8,4,0,bert,0,12,32,8,10712.5,10797.938775510203,305.633928568767
resnet101,0,35,4,0,bert,0,8,32,16,16195.5,17331.571428571428,1857.501053368559
resnet101,28,35,4,0,bert,0,3,32,64,5361.5,5360.265306122449,33.66750720253609
resnet101,0,14,4,0,bert,0,12,32,8,10675.5,10727.979591836734,185.6543298599625
resnet101,0,35,4,0,bert,0,4,32,64,15940.0,15949.285714285714,164.99121807180018
resnet101,0,2,4,0,bert,0,12,32,8,10511.0,10543.030612244898,137.1163258623586
resnet101,0,35,8,0,bert,0,8,4,32,15695.0,16507.173469387755,1550.840614881334
resnet101,0,17,8,0,bert,10,12,4,64,9003.0,9004.65306122449,17.167899590316527
resnet101,0,16,8,0,bert,0,12,4,64,10637.0,10681.020408163266,162.46443752728746
resnet101,0,30,8,0,bert,0,12,4,16,13778.0,13835.734693877552,323.6746146105277
resnet101,27,35,8,0,bert,0,9,4,64,8141.0,8317.57142857143,780.9742737930171
resnet101,0,35,8,0,bert,0,12,4,8,15889.0,17227.5,1960.479326281078
resnet101,0,35,8,0,bert,0,7,4,64,15655.5,15674.530612244898,160.12687597598733
resnet101,0,4,8,0,bert,0,12,4,32,10657.0,10756.755102040815,273.81440389448403
resnet101,15,35,8,0,bert,0,12,4,64,10776.0,10863.265306122448,438.53253785268714
resnet101,0,25,8,0,bert,0,12,4,64,12712.5,12876.030612244898,484.7650062739558
resnet101,19,35,8,0,bert,0,12,4,64,10715.5,10822.387755102041,448.7877465826307
resnet101,0,15,8,0,bert,0,12,4,8,10744.5,10847.755102040815,586.6777278468309
resnet101,0,35,8,0,bert,0,12,4,16,15974.0,15979.367346938776,182.62649447656275
resnet101,0,35,8,0,bert,3,12,4,8,15973.5,15986.459183673469,170.87889065886108
resnet101,0,35,8,0,bert,6,12,4,64,15907.5,15923.520408163266,203.90515149940833
resnet101,0,10,8,0,bert,0,12,4,8,10704.0,10747.122448979591,180.5819541070052
resnet101,0,35,8,0,bert,9,12,4,32,15695.0,16706.816326530614,1964.7759769840034
resnet101,0,35,8,0,bert,0,12,4,32,15733.0,15751.30612244898,213.86284027925828
resnet101,0,35,8,0,bert,8,12,4,8,15618.5,15866.867346938776,913.9710243894899
resnet101,32,34,8,0,bert,0,12,4,16,10747.0,10801.275510204081,260.921709291967
resnet101,0,35,8,0,bert,0,4,4,64,15755.5,16842.030612244896,2007.6585024172307
resnet101,0,35,8,0,bert,0,4,4,32,15646.5,15852.061224489797,920.9624271217199
resnet101,0,35,8,0,bert,1,12,4,8,15813.0,15813.724489795919,192.09939926030032
resnet101,0,35,8,0,bert,7,12,4,32,15661.5,15683.030612244898,190.78144639188648
resnet101,17,21,8,0,bert,0,12,4,64,10547.5,10617.479591836734,246.7252139854375
resnet101,0,35,8,0,bert,4,12,4,64,15909.0,16847.826530612245,1802.607176612164
resnet101,14,35,8,0,bert,0,8,4,16,9576.0,9609.132653061224,232.99407182416928
resnet101,0,27,8,0,bert,0,12,4,16,12699.0,12923.683673469388,756.7583740350811
resnet101,0,16,8,0,bert,0,12,4,8,10767.0,10808.316326530612,198.52767230847167
resnet101,0,6,8,0,bert,0,12,4,8,10632.5,10645.591836734693,118.34762326874629
resnet101,31,35,8,0,bert,0,1,4,64,2223.5,2225.438775510204,37.96052362129197
resnet101,0,27,8,0,bert,7,12,4,16,12297.5,13043.57142857143,1398.1723055183031
resnet101,0,35,8,0,bert,0,5,4,16,15468.5,15492.510204081633,154.69286521665418
resnet101,0,35,8,0,bert,11,12,4,64,15648.0,15656.326530612245,226.34963813508008
resnet101,0,35,8,0,bert,2,6,4,32,15392.0,15461.295918367347,193.75211436285016
resnet101,0,35,8,0,bert,0,0,4,8,15303.0,16116.397959183674,1948.0961440664184
resnet101,33,35,8,0,bert,0,7,4,32,6424.0,6513.693877551021,638.5520835702466
resnet101,0,35,8,0,bert,1,12,4,32,15944.0,16185.0,973.0577200406008
resnet101,0,35,8,0,bert,2,3,4,16,15746.5,15759.714285714286,215.76971851622605
resnet101,23,35,8,0,bert,0,9,4,8,8224.5,8434.867346938776,983.9187335547077
resnet101,0,35,8,0,bert,10,12,4,16,15751.5,15759.755102040815,181.64206006366825
resnet101,0,35,8,0,bert,6,12,4,16,15809.5,15799.081632653062,193.597134480258
resnet101,0,8,8,0,bert,0,12,4,64,10593.0,10627.836734693878,163.67069314150106
resnet101,1,35,8,0,bert,0,3,4,64,15662.0,15678.785714285714,216.35351126509295
resnet101,2,35,8,0,bert,0,0,4,8,14822.0,15251.418367346938,1290.713020186504
resnet101,0,35,8,0,bert,0,6,4,16,15802.5,16816.54081632653,1934.5673785659621
resnet101,0,35,8,0,bert,0,11,4,32,15699.5,15722.15306122449,213.97703252875667
resnet101,8,35,8,0,bert,0,2,4,32,11858.5,11898.714285714286,122.4104837447032
resnet101,0,35,8,0,bert,9,11,4,16,15482.0,15565.387755102041,414.56344465712465
resnet101,33,35,8,0,bert,0,4,4,8,3856.0,3881.785714285714,199.0795272328757
resnet101,0,31,8,0,bert,0,12,4,64,14437.0,14926.091836734693,1354.1438826178405
resnet101,0,35,8,0,bert,0,12,4,64,15759.0,16223.316326530612,1610.2754143753195
resnet101,0,35,8,0,bert,0,0,4,64,15608.0,15626.030612244898,226.3845136984469
resnet101,0,35,8,0,bert,0,3,4,64,15621.5,15646.081632653062,205.5102496808007
resnet101,0,18,8,0,bert,0,12,4,32,10749.5,10873.244897959185,523.6956792974194
resnet101,0,23,8,0,bert,0,12,4,64,12117.0,12138.540816326531,112.90624324012786
resnet101,0,35,8,0,bert,0,1,4,16,15572.5,15591.408163265307,250.10593007742082
resnet101,0,35,8,0,bert,0,8,4,8,15966.0,16143.34693877551,823.7267738764068
resnet101,0,35,8,0,bert,0,1,4,32,15822.5,15846.84693877551,225.04454670316494
resnet101,16,35,8,0,bert,0,12,4,64,10683.5,10767.408163265307,478.9217020224235
resnet101,0,35,8,0,bert,6,6,4,8,15798.0,15828.663265306122,238.58010864780618
resnet101,0,35,8,0,bert,5,12,4,8,15903.0,15934.316326530612,192.0593337815897
resnet101,0,9,8,0,bert,7,12,4,64,7178.0,7292.8247422680415,635.6347912452783
resnet101,0,20,8,0,bert,0,12,4,64,11296.0,11696.275510204081,1208.9987827732452
resnet101,0,35,8,0,bert,5,12,4,64,15636.0,15643.785714285714,166.6460412407822
resnet101,0,35,8,0,bert,0,7,4,32,15678.5,15686.051020408164,235.53163366762954
resnet101,0,35,8,0,bert,2,12,4,8,15766.0,16033.255102040815,1060.6991948058244
resnet101,0,29,8,0,bert,0,12,4,32,13300.5,13315.622448979591,103.34581488975249
resnet101,27,35,8,0,bert,0,6,4,64,5630.5,5672.765306122449,130.39013680461684
resnet101,0,10,8,0,bert,0,12,4,16,10764.5,10856.591836734693,379.69181479072654
resnet101,0,24,8,0,bert,8,12,4,8,11163.5,11952.979591836734,1214.125316966001
resnet101,0,32,8,0,bert,7,12,4,32,14778.5,14787.132653061224,189.72588377602543
resnet101,3,35,8,0,bert,0,12,4,16,14588.0,14590.948979591836,148.32585284234082
resnet101,13,35,8,0,bert,0,0,4,8,9778.0,9789.489795918367,129.86109100535543
resnet101,0,35,8,0,bert,7,11,4,16,15623.5,15653.632653061224,215.9952941548563
resnet101,0,35,8,0,bert,0,8,8,16,15749.5,15743.57142857143,171.76354178263293
resnet101,20,20,8,0,bert,0,12,8,32,10907.5,10804.785714285714,338.9630119487785
resnet101,0,35,8,0,bert,8,12,8,32,15742.0,15770.724489795919,201.51157259583334
resnet101,0,2,8,0,bert,0,12,8,64,10625.5,10647.724489795919,172.44672532037043
resnet101,0,35,8,0,bert,7,12,8,16,15568.0,16799.867346938776,2072.993953532609
resnet101,0,35,8,0,bert,0,12,8,64,17174.0,17393.082474226805,786.7530778898396
resnet101,0,35,8,0,bert,9,12,8,32,15653.5,15661.102040816326,204.3584031416633
resnet101,0,35,8,0,bert,0,12,8,16,15772.5,15799.326530612245,184.51993839006545
resnet101,0,35,8,0,bert,11,12,8,16,15613.0,15612.020408163266,211.1856702965637
resnet101,0,20,8,0,bert,0,12,8,16,10786.5,10974.969387755102,800.2774704283104
resnet101,1,32,8,0,bert,0,12,8,16,14703.5,14712.510204081633,143.99073417595238
resnet101,10,35,8,0,bert,0,12,8,8,11259.5,11843.510204081633,1437.2753435445775
resnet101,0,35,8,0,bert,0,12,8,8,15763.5,15940.081632653062,753.8425060636704
resnet101,15,35,8,0,bert,0,12,8,32,10673.5,10839.010204081633,744.7564112787313
resnet101,0,35,8,0,bert,7,10,8,8,15830.0,16424.618556701033,1604.690350984341
resnet101,0,1,8,0,bert,0,12,8,64,10599.5,10652.80612244898,185.1842247746086
resnet101,0,16,8,0,bert,0,12,8,64,12070.0,12339.540816326531,1067.7309640538358
resnet101,0,35,8,0,bert,10,12,8,8,15524.5,15557.734693877552,215.68086548210619
resnet101,0,35,8,0,bert,5,5,8,64,15477.0,15486.887755102041,221.33799449991895
resnet101,31,32,8,0,bert,0,12,8,32,10411.0,10477.122448979591,208.15399839316976
resnet101,12,35,8,0,bert,0,12,8,8,10929.5,11530.030612244898,908.8014360042014
resnet101,13,15,8,0,bert,0,12,8,32,10522.0,10568.80612244898,192.87315585179266
resnet101,0,14,8,0,bert,0,12,8,16,10799.0,10856.091836734693,223.61214082691893
resnet101,0,35,8,0,bert,3,12,8,32,15672.5,15701.0,177.13744231355423
resnet101,0,35,8,0,bert,0,12,8,32,15709.0,15737.845360824742,147.6636844846811
resnet101,0,35,8,0,bert,0,3,8,8,15678.0,15978.5,1154.2622809679376
resnet101,0,17,8,0,bert,0,12,8,32,10725.0,12404.15306122449,2888.2582752114404
resnet101,20,21,8,0,bert,0,12,8,8,10599.0,10651.918367346938,220.01227579245497
resnet101,0,6,8,0,bert,5,12,8,64,7560.0,7570.15306122449,95.67380295703498
resnet101,0,35,8,0,bert,0,8,8,8,15792.5,16094.857142857143,1344.2533243403193
resnet101,0,1,8,0,bert,0,12,8,16,11233.5,11095.673469387755,371.95324962738465
resnet101,0,35,8,0,bert,4,12,8,8,15764.0,16298.989795918367,1461.835528416509
resnet101,0,35,8,0,bert,0,9,8,8,15947.0,16193.704081632653,1115.7084526021258
resnet101,0,35,8,0,bert,0,11,8,64,16961.0,16959.865979381444,34.0280747842917
resnet101,7,19,8,0,bert,0,12,8,8,10837.0,10896.316326530612,223.12413479801498
resnet101,0,35,8,0,bert,0,2,8,16,15877.0,15867.84693877551,167.99759182195393
resnet101,0,4,8,0,bert,0,12,8,32,10497.0,10582.336734693878,266.7016197114009
resnet101,0,10,8,0,bert,0,12,8,16,10754.0,10903.377551020409,684.242147663311
resnet101,26,32,8,0,bert,0,12,8,64,10693.5,10734.887755102041,138.82942717616635
resnet101,0,31,8,0,bert,11,12,8,64,14173.5,15381.42857142857,1939.9982695132192
resnet101,0,21,8,0,bert,0,12,8,64,13152.0,13326.377551020409,856.6886119608397
resnet101,0,34,8,0,bert,0,12,8,32,15610.0,15811.173469387755,789.901983399054
resnet101,0,2,8,0,bert,0,12,8,16,10905.5,10935.673469387755,327.46505579300276
resnet101,0,30,8,0,bert,0,12,8,64,15755.0,16328.377551020409,948.5187863545307
resnet101,0,35,8,0,bert,0,7,8,8,15681.0,15694.632653061224,228.8212201053746
resnet101,0,6,8,0,bert,0,12,8,64,10837.0,11018.265306122448,643.5625106567858
resnet101,29,35,8,0,bert,0,2,8,32,3472.5,3570.3571428571427,530.2048747264338
resnet101,19,35,8,0,bert,0,3,8,16,7354.5,7359.081632653061,96.4302299824972
resnet101,0,35,8,0,bert,1,12,8,32,15959.0,15982.765306122448,212.9659741444009
resnet101,29,31,8,0,bert,0,12,8,8,10549.0,10577.061224489797,184.2993802422686
resnet101,27,35,8,0,bert,0,12,8,8,10715.0,10805.602040816326,283.97609628477744
resnet101,0,35,8,0,bert,0,5,8,32,15750.5,16497.979591836734,1748.5757234984126
resnet101,0,35,8,0,bert,0,8,8,64,16160.5,16166.632653061224,82.90816012558864
resnet101,0,35,8,0,bert,10,12,8,32,15603.5,16168.397959183674,1716.5182173831072
resnet101,0,22,8,0,bert,3,12,8,8,10674.5,11338.326530612245,1732.2977708370888
resnet101,0,35,8,0,bert,5,10,8,16,15639.5,15960.734693877552,1166.5819298276554
resnet101,0,35,8,0,bert,8,10,8,32,15666.5,16319.173469387755,1791.7613271811178
resnet101,0,35,8,0,bert,0,0,8,8,15725.5,15767.051020408164,238.81776727946044
resnet101,0,14,8,0,bert,7,12,8,8,8178.5,8437.744897959185,1133.8845036316575
resnet101,24,35,8,0,bert,0,12,8,64,10832.0,10865.765306122448,167.6190896183908
resnet101,9,35,8,0,bert,0,2,8,8,11625.0,12685.42857142857,1369.0138041372584
resnet101,2,35,8,0,bert,0,12,8,8,15039.0,15257.877551020409,903.7627156675237
resnet101,0,0,8,0,bert,0,12,8,64,10941.5,11016.714285714286,403.6349633932489
resnet101,0,30,8,0,bert,0,12,8,16,13794.5,13836.081632653062,217.3493695370446
resnet101,0,35,8,0,bert,0,3,8,64,15696.0,15714.30612244898,236.4807628265044
resnet101,0,35,8,0,bert,0,10,8,64,16689.5,16689.214285714286,31.311877514281825
resnet101,0,13,8,0,bert,0,12,8,32,10454.5,10523.602040816326,216.6461301526542
resnet101,30,35,8,0,bert,0,12,8,32,10438.0,10485.204081632653,155.67063340845394
resnet101,23,35,8,0,bert,0,12,8,16,10560.0,10688.683673469388,511.62605119760724
resnet101,26,35,8,0,bert,0,12,8,64,10604.5,10647.836734693878,137.97838442643692
resnet101,7,35,8,0,bert,0,12,8,16,15480.5,14502.612244897959,1946.558504877592
resnet101,0,35,8,0,bert,3,12,8,16,15693.5,15692.642857142857,179.60775004868532
resnet101,0,35,8,0,bert,11,11,8,32,15532.5,15541.336734693878,220.1922603265272
resnet101,0,35,8,0,bert,0,5,8,16,15610.5,15622.479591836734,187.83146101431512
resnet101,0,35,8,0,bert,0,1,8,16,15560.5,15581.724489795919,231.6314710479596
resnet101,0,27,8,0,bert,9,12,16,64,13399.5,13403.15306122449,37.96463231687401
resnet101,0,35,8,0,bert,0,12,16,8,15597.0,15647.734693877552,236.51317221894757
resnet101,21,35,8,0,bert,0,12,16,64,12333.0,12334.908163265307,69.07480221258717
resnet101,0,6,8,0,bert,0,12,16,8,10759.5,10836.908163265307,321.04161109708207
resnet101,0,35,8,0,bert,0,12,16,16,15843.5,17317.285714285714,1981.3916002318642
resnet101,3,9,8,0,bert,0,12,16,16,10782.5,10922.908163265307,314.957693522275
resnet101,22,24,8,0,bert,0,12,16,8,10613.5,10657.938775510203,201.73456071346757
resnet101,0,35,8,0,bert,0,12,16,64,21227.5,21247.520408163266,66.00946586291145
resnet101,0,35,8,0,bert,10,10,16,32,15730.5,15724.275510204081,208.26826208543304
resnet101,0,27,8,0,bert,8,12,16,8,12579.0,12608.673469387755,254.5334978760646
resnet101,0,35,8,0,bert,0,12,16,32,17173.0,17176.836734693876,34.47142971924426
resnet101,0,35,8,0,bert,0,3,16,32,15874.0,15906.92857142857,206.9523384940679
resnet101,1,35,8,0,bert,0,12,16,64,20367.5,20373.918367346938,35.14160086877316
resnet101,3,35,8,0,bert,0,12,16,16,14720.0,14849.612244897959,646.1617860316513
resnet101,32,35,8,0,bert,0,10,16,32,9101.5,9340.84693877551,907.4321513068197
resnet101,8,28,8,0,bert,0,12,16,64,13692.0,14348.642857142857,1435.2453978469382
resnet101,18,35,8,0,bert,0,12,16,32,10857.0,10914.091836734693,303.0154265196267
resnet101,0,35,8,0,bert,0,11,16,32,16916.0,16915.683673469386,37.69225464170339
resnet101,4,35,8,0,bert,0,3,16,64,14128.5,14511.602040816326,1057.4860035721215
resnet101,0,35,8,0,bert,0,1,16,8,15785.5,15819.19387755102,201.59990981145057
resnet101,0,35,8,0,bert,0,4,16,16,15623.0,15717.816326530612,277.12917296624437
resnet101,0,35,8,0,bert,5,12,16,16,15628.0,15673.469387755102,169.26468851233022
resnet101,0,35,8,0,bert,6,12,16,8,15637.0,15679.091836734693,187.92476168884738
resnet101,27,31,8,0,bert,0,12,16,32,10671.0,10771.326530612245,331.9486613708851
resnet101,0,20,8,0,bert,0,12,16,8,10903.0,11120.540816326531,525.5068528722153
resnet101,4,35,8,0,bert,0,2,16,16,13996.0,14406.316326530612,1121.873711443192
resnet101,0,28,8,0,bert,0,12,16,16,13506.0,13547.773195876289,336.81802438346466
resnet101,0,35,8,0,bert,0,8,16,16,15654.0,15684.224489795919,131.08717543495703
resnet101,0,25,8,0,bert,0,12,16,16,12636.0,12637.377551020409,32.94135646009541
resnet101,0,35,8,0,bert,5,10,16,16,15591.5,15627.857142857143,162.6728907585868
resnet101,0,35,8,0,bert,4,6,16,8,15561.5,15637.061224489797,239.96810231593878
resnet101,27,35,8,0,bert,0,12,16,32,11123.0,11075.979591836734,333.9724105552408
resnet101,0,33,8,0,bert,0,12,16,32,16843.0,17645.744897959183,1114.760863083076
resnet101,0,35,8,0,bert,0,8,16,8,15672.5,15690.744897959185,213.98103631523193
resnet101,0,10,8,0,bert,8,12,16,16,7256.0,7292.857142857143,261.0969794024075
resnet101,0,35,8,0,bert,4,5,16,8,15570.0,15582.469387755102,228.22456735532026
resnet101,0,5,8,0,bert,9,12,16,16,5102.5,5152.836734693878,287.1474304496343
resnet101,0,35,8,0,bert,3,3,16,16,15788.5,15820.704081632653,264.33753195425504
resnet101,0,26,8,0,bert,0,12,16,16,12972.0,13023.081632653062,326.0178620832522
resnet101,19,35,8,0,bert,0,4,16,16,7343.5,7353.836734693878,91.69144062133242
resnet101,0,35,8,0,bert,9,12,16,32,15763.0,16372.173469387755,1777.6542099960093
resnet101,0,35,8,0,bert,0,5,16,64,17042.0,17048.714285714286,40.297617289160826
resnet101,0,12,8,0,bert,4,12,16,16,8440.5,8811.775510204081,1429.2818914106956
resnet101,0,35,8,0,bert,0,3,16,16,15636.5,15882.69387755102,1042.191161204665
resnet101,25,35,8,0,bert,0,12,16,32,10979.0,11137.632653061224,373.55655222374
resnet101,16,35,8,0,bert,0,3,16,8,10597.5,10554.714285714286,1444.9616123705466
resnet101,22,35,8,0,bert,0,12,16,32,11400.5,11350.918367346938,548.6684377295634
resnet101,33,35,8,0,bert,0,12,16,64,10751.0,10879.867346938776,405.1469281921973
resnet101,0,35,8,0,bert,8,10,16,16,15898.0,16887.214285714286,1969.1999061568542
resnet101,12,35,8,0,bert,0,3,16,8,10336.0,10343.408163265307,148.5060183439766
resnet101,0,26,8,0,bert,1,12,16,32,14294.0,14297.989795918367,49.071687439109084
resnet101,0,28,8,0,bert,0,12,16,32,15133.5,15205.775510204081,199.9260338027207
resnet101,0,30,8,0,bert,0,12,16,64,19926.0,19939.214285714286,50.99084551692207
resnet101,0,35,8,0,bert,6,12,16,32,15751.5,15779.795918367347,130.99579049037192
resnet101,0,35,8,0,bert,1,12,16,64,20791.0,20801.15306122449,46.08141686650729
resnet101,27,35,8,0,bert,0,12,16,16,10739.5,10830.010204081633,283.8478859263467
resnet101,5,35,8,0,bert,0,1,16,32,13687.0,15121.602040816326,2013.9501328351841
resnet101,0,35,8,0,bert,0,1,16,64,15572.0,15588.561224489797,195.4866280894065
resnet101,0,35,8,0,bert,4,12,16,64,19118.0,19044.969387755104,140.57937361995985
resnet101,0,35,8,0,bert,0,10,16,16,15777.5,16465.79591836735,1893.1887092846641
resnet101,0,35,8,0,bert,2,12,16,8,15919.5,17281.132653061224,2105.6871273580823
resnet101,14,26,8,0,bert,0,12,16,32,10896.0,11409.163265306122,1386.690125426977
resnet101,0,35,8,0,bert,4,12,16,16,16265.5,17785.418367346938,2171.894507921642
resnet101,24,35,8,0,bert,0,9,16,64,9585.0,9598.755102040815,87.49962813034563
resnet101,0,35,8,0,bert,8,12,16,16,15841.5,15868.785714285714,188.14341305916352
resnet101,7,35,8,0,bert,0,12,16,8,12816.0,12899.081632653062,394.78613878519883
resnet101,0,35,8,0,bert,0,11,16,64,20970.0,20938.255102040817,99.6440922836392
resnet101,0,34,8,0,bert,0,12,16,64,21551.0,21558.591836734693,51.44738479989877
resnet101,0,8,8,0,bert,11,12,16,32,6217.5,6226.163265306122,25.140703591842414
resnet101,0,35,8,0,bert,11,12,16,8,15624.5,16113.92857142857,1411.5367024080167
resnet101,6,35,8,0,bert,0,8,32,32,14273.5,15106.275510204081,1643.5517399988694
resnet101,0,35,8,0,bert,5,12,32,8,15800.5,15825.469387755102,224.31470258898398
resnet101,0,9,8,0,bert,0,12,32,8,10624.0,10888.326530612245,1145.864843826066
resnet101,0,35,8,0,bert,9,11,32,64,16827.0,17637.5,1635.8457729435079
resnet101,0,35,8,0,bert,0,12,32,32,21485.0,21488.76530612245,40.71724325609086
resnet101,0,35,8,0,bert,0,12,32,16,17516.0,17520.76530612245,58.95861589429991
resnet101,0,35,8,0,bert,0,5,32,32,17270.0,17278.9375,41.35612925653625
resnet101,0,35,8,0,bert,0,8,32,32,19088.0,19098.11224489796,58.92002235009711
resnet101,0,35,8,0,bert,1,12,32,32,20937.0,21046.755102040817,187.50456109959794
resnet101,0,35,8,0,bert,11,12,32,16,15619.0,15938.591836734693,1167.0274976801209
resnet101,0,35,8,0,bert,0,12,32,64,30305.5,30312.428571428572,51.51342206708097
resnet101,0,17,8,0,bert,11,12,32,64,10244.0,10261.489795918367,55.64413988947967
resnet101,0,35,8,0,bert,0,0,32,16,15532.0,15555.938775510203,247.20444386759792
resnet101,0,35,8,0,bert,0,10,32,64,27705.0,27709.030612244896,47.09726238450545
resnet101,0,35,8,0,bert,0,7,32,32,18614.5,18615.469387755104,79.03605533224882
resnet101,0,35,8,0,bert,9,9,32,8,15579.0,15612.173469387755,218.3798892545293
resnet101,0,35,8,0,bert,11,12,32,32,15596.0,15609.642857142857,223.09681480359643
resnet101,0,27,8,0,bert,8,12,32,64,17182.0,17171.18556701031,67.53576065275745
resnet101,6,16,8,0,bert,0,12,32,32,12228.0,12261.897959183674,217.38395871369892
resnet101,0,35,8,0,bert,0,12,32,8,19482.5,18352.76530612245,1975.62458117303
resnet101,0,35,8,0,bert,0,1,32,8,15610.0,15617.714285714286,195.40079167637757
resnet101,0,19,8,0,bert,0,12,32,16,12912.0,13455.07142857143,1411.2855570257168
resnet101,11,35,8,0,bert,0,12,32,32,14847.0,14904.510204081633,375.4850263298359
resnet101,19,35,8,0,bert,0,12,32,32,12975.0,12997.102040816326,254.20024606179257
resnet101,0,35,8,0,bert,5,12,32,64,23591.0,23598.081632653062,50.32398573435521
resnet101,15,35,8,0,bert,0,0,32,64,8914.5,8939.612244897959,133.89552984056996
resnet101,0,4,8,0,bert,0,12,32,8,10639.5,10834.642857142857,882.1604769784561
resnet101,28,35,8,0,bert,0,12,32,64,18619.0,18634.01020408163,141.12293778598186
resnet101,0,35,8,0,bert,9,12,32,16,15986.0,17274.979591836734,2149.668935021333
resnet101,6,35,8,0,bert,0,12,32,32,16837.5,16841.244897959183,42.19562343696898
resnet101,0,18,8,0,bert,0,12,32,64,25213.5,25213.30612244898,37.71412558495912
resnet101,0,35,8,0,bert,0,9,32,64,26170.0,26165.214285714286,52.764058964103086
resnet101,0,34,8,0,bert,0,12,32,32,21607.0,21602.29591836735,85.93153529904187
resnet101,8,32,8,0,bert,0,12,32,32,15193.5,15194.479591836734,37.45643172252828
resnet101,0,35,8,0,bert,0,4,32,16,15804.0,15826.65306122449,206.26627837014397
resnet101,0,6,8,0,bert,10,12,32,8,5435.0,5488.969387755102,337.96043283930635
resnet101,0,35,8,0,bert,2,12,32,16,17092.0,17089.30612244898,90.97795294300312
resnet101,4,10,8,0,bert,0,12,32,16,10726.0,10794.857142857143,436.987507410284
resnet101,0,27,8,0,bert,8,12,32,32,14293.0,14772.704081632653,669.7495146936054
resnet101,2,35,8,0,bert,0,12,32,16,15710.0,15709.867346938776,44.274799981134066
resnet101,0,35,8,0,bert,6,12,32,32,17882.5,17897.632653061224,57.859151244700996
resnet101,7,35,8,0,bert,0,12,32,16,12634.0,12648.255102040815,145.3552517409091
resnet101,0,35,8,0,bert,0,6,32,64,22168.5,22186.336734693876,93.29741163563546
resnet101,0,27,8,0,bert,0,12,32,64,27659.5,27657.35714285714,63.00214605998168
resnet101,0,35,8,0,bert,0,5,32,8,15656.5,15684.84693877551,218.4045745970414
resnet101,29,35,8,0,bert,0,12,32,8,10615.0,10711.744897959185,273.7847102670454
resnet101,0,34,8,0,bert,9,12,32,16,15673.0,17079.897959183672,2178.1778496462844
resnet101,13,20,8,0,bert,0,12,32,64,18794.5,18796.15306122449,41.331253194512556
resnet101,0,2,8,0,bert,0,12,32,64,19048.5,19040.663265306124,53.230331977163175
resnet101,0,9,8,0,bert,0,12,32,32,14887.5,14901.867346938776,42.85467558495664
resnet101,0,9,8,0,bert,2,12,32,64,20366.5,20300.70408163265,164.16369438694065
resnet101,0,35,8,0,bert,10,12,32,16,15782.5,17457.744897959183,2327.6443260069477
resnet101,34,35,8,0,bert,0,7,32,8,6381.5,6455.489795918367,177.74093994522312
resnet101,0,35,8,0,bert,0,10,32,32,20236.5,20240.020408163266,124.73751866659327
resnet101,32,35,8,0,bert,0,12,32,8,10591.0,10632.07142857143,195.11881518914657
resnet101,0,35,8,0,bert,5,11,32,64,22044.0,22003.88775510204,160.93660069076645
resnet101,0,35,8,0,bert,7,12,32,32,17421.5,17433.836734693876,46.801075750228144
resnet101,0,35,8,0,bert,11,12,32,64,15826.5,15847.775510204081,213.74009253144794
resnet101,0,35,8,0,bert,8,12,32,32,16767.0,16779.428571428572,50.622855207778976
resnet101,0,4,8,0,bert,0,12,32,32,12745.0,12746.887755102041,50.14222275810775
resnet101,1,35,8,0,bert,0,12,32,8,15903.5,17180.530612244896,1834.8198666191845
resnet101,0,35,8,0,bert,2,12,32,8,15945.5,15977.836734693878,146.25855592468602
resnet101,0,35,8,0,bert,6,12,32,64,22283.0,22303.30612244898,77.38789234035883
resnet101,0,35,8,0,bert,0,5,32,16,15813.5,16140.081632653062,1052.657857408893
resnet101,0,7,8,0,bert,0,12,32,32,14233.5,14226.459183673469,66.25186456634474
resnet101,12,35,8,0,bert,0,12,32,32,14631.5,14635.051020408164,69.2138614831433
resnet101,0,19,8,0,bert,4,12,32,64,20087.5,20099.428571428572,53.12192368043729
resnet101,0,35,8,0,bert,7,11,32,32,16773.0,17314.867346938776,1326.0668376493581
resnet101,12,35,16,0,bert,0,12,4,64,13881.0,13983.663265306122,366.72304914337093
resnet101,0,35,16,0,bert,6,12,4,64,26831.5,26837.183673469386,32.329410044919804
resnet101,0,11,16,0,bert,0,12,4,8,14626.0,14757.724489795919,612.7268722787461
resnet101,2,22,16,0,bert,0,12,4,64,17318.0,17327.95918367347,69.91071833495292
resnet101,0,35,16,0,bert,0,12,4,32,26994.0,26996.897959183672,35.08633369506707
resnet101,0,15,16,0,bert,4,12,4,8,16233.5,16237.744897959185,65.31045345970304
resnet101,0,24,16,0,bert,0,12,4,32,21557.0,21571.19387755102,62.59762304988274
resnet101,0,35,16,0,bert,0,12,4,16,26601.0,26603.530612244896,29.073518381058175
resnet101,15,31,16,0,bert,0,12,4,64,10694.0,10747.714285714286,210.79117241323684
resnet101,29,35,16,0,bert,0,12,4,8,10639.0,10680.979591836734,178.3368733600357
resnet101,19,35,16,0,bert,0,12,4,32,10816.0,10856.714285714286,158.4999839052332
resnet101,0,35,16,0,bert,0,11,4,16,26546.0,26551.85714285714,56.99373399142851
resnet101,0,35,16,0,bert,0,12,4,64,27705.5,27711.173469387755,31.722336658345164
resnet101,0,35,16,0,bert,0,4,4,32,26314.0,26327.132653061224,51.798005980669856
resnet101,0,35,16,0,bert,2,12,4,16,26479.5,26483.877551020407,34.449686858007055
resnet101,29,35,16,0,bert,0,6,4,8,5656.0,5699.8877551020405,149.33641535842253
resnet101,0,35,16,0,bert,0,7,4,16,26324.0,26330.948979591838,46.55354004579567
resnet101,0,35,16,0,bert,0,7,4,8,26281.5,26284.88775510204,36.19727203980568
resnet101,0,4,16,0,bert,5,12,4,8,8261.5,8458.07142857143,880.44870575712
resnet101,34,35,16,0,bert,0,12,4,64,10476.0,10578.505154639175,283.85872497886265
resnet101,5,17,16,0,bert,0,12,4,16,10739.0,10876.367346938776,661.0976708190319
resnet101,18,28,16,0,bert,0,12,4,32,10672.5,10763.785714285714,269.5919157178274
resnet101,0,22,16,0,bert,0,12,4,8,20057.5,20002.714285714286,169.04588194949213
resnet101,0,15,16,0,bert,0,12,4,16,16604.5,16619.051020408162,96.68762794131393
resnet101,0,35,16,0,bert,0,0,4,64,26142.0,26149.84693877551,41.99911370318896
resnet101,0,35,16,0,bert,3,12,4,16,26616.5,26618.11224489796,34.77709856725186
resnet101,0,35,16,0,bert,7,12,4,8,26370.0,26371.70408163265,27.647640480818637
resnet101,0,31,16,0,bert,0,12,4,32,25285.5,25289.285714285714,33.56778095685424
resnet101,0,13,16,0,bert,0,12,4,8,15502.5,15514.336734693878,106.15063842632962
resnet101,0,35,16,0,bert,11,12,4,8,26188.5,26194.744897959183,34.75814725355469
resnet101,4,35,16,0,bert,0,12,4,64,20692.5,20696.928571428572,38.913889760939234
resnet101,25,35,16,0,bert,0,5,4,64,6197.5,6374.918367346939,860.4578832495604
resnet101,0,35,16,0,bert,3,12,4,32,26927.0,26926.65306122449,29.450443342637207
resnet101,0,35,16,0,bert,0,3,4,8,26296.5,26300.214285714286,33.6355770103075
resnet101,26,35,16,0,bert,0,4,4,32,5189.0,5338.041237113402,633.2110268189172
resnet101,8,35,16,0,bert,0,12,4,32,15702.0,15705.561224489797,35.92851926339031
resnet101,0,6,16,0,bert,0,12,4,16,11679.0,11703.081632653062,166.79210287363102
resnet101,0,26,16,0,bert,0,12,4,16,22303.0,22303.408163265307,45.95757509781499
resnet101,0,35,16,0,bert,0,12,4,8,26679.5,26678.081632653062,47.86091103915291
resnet101,0,35,16,0,bert,2,4,4,64,26453.0,26463.071428571428,39.0510524042253
resnet101,11,35,16,0,bert,0,9,4,8,13059.0,13063.07142857143,30.414903033391578
resnet101,0,29,16,0,bert,0,12,4,8,23738.0,23738.88775510204,46.973479850295824
resnet101,0,35,16,0,bert,0,10,4,16,26669.5,26672.79591836735,35.089087548309486
resnet101,0,28,16,0,bert,0,12,4,8,23225.0,23227.69387755102,46.268825879093846
resnet101,25,35,16,0,bert,0,12,4,16,10692.0,10748.397959183674,292.5563521434948
resnet101,31,35,16,0,bert,0,12,4,16,10537.0,10566.183673469388,139.78922522335702
resnet101,0,35,16,0,bert,4,8,4,32,26016.0,26017.683673469386,116.05642513483279
resnet101,2,35,16,0,bert,0,12,4,32,22884.5,22885.826530612245,50.96037386332521
resnet101,0,35,16,0,bert,0,2,4,16,25909.0,25914.70408163265,25.291447769533686
resnet101,23,35,16,0,bert,0,1,4,32,6400.5,6401.122448979592,32.952119038152006
resnet101,19,28,16,0,bert,0,12,4,16,10820.5,11298.775510204081,1339.2792954559495
resnet101,0,35,16,0,bert,6,12,4,8,26050.0,26039.15306122449,73.77175943834405
resnet101,9,34,16,0,bert,0,12,4,64,15246.0,15263.591836734693,87.41688025644282
resnet101,0,28,16,0,bert,0,12,4,16,23314.5,23299.173469387755,64.48524993664768
resnet101,0,0,16,0,bert,0,12,4,8,11180.0,11061.959183673469,430.9162028100493
resnet101,0,26,16,0,bert,0,12,4,8,21836.5,21834.602040816328,132.95639455467315
resnet101,6,35,16,0,bert,0,12,4,32,17248.0,17248.581632653062,33.90771493374807
resnet101,17,28,16,0,bert,0,12,4,64,10752.0,10954.835051546392,876.9300443529775
resnet101,1,35,16,0,bert,0,11,4,8,24404.5,24417.73469387755,70.48006680433144
resnet101,3,8,16,0,bert,0,12,4,8,10923.5,11224.112244897959,1102.2287336477098
resnet101,0,1,16,0,bert,4,12,4,8,7255.0,7289.408163265306,140.6920821303652
resnet101,0,35,16,0,bert,2,12,4,32,26823.5,26772.969387755104,255.37137638979237
resnet101,0,11,16,0,bert,0,12,4,64,16087.5,16094.326530612245,29.813972724143987
resnet101,0,6,16,0,bert,7,12,4,64,10913.5,10916.5,27.308984093973507
resnet101,2,35,16,0,bert,0,0,4,16,22150.5,22132.020408163266,71.43428257051383
resnet101,5,35,16,0,bert,0,6,4,16,17518.0,17522.79591836735,37.59829544108308
resnet101,0,35,16,0,bert,0,3,4,16,26305.5,26291.551020408162,68.48001681542141
resnet101,0,35,16,0,bert,5,12,4,8,26441.0,26413.173469387755,79.62501728577061
resnet101,0,35,16,0,bert,8,12,4,32,26479.0,26469.938775510203,61.932948655080764
resnet101,11,35,16,0,bert,0,12,4,16,13238.5,13240.316326530612,52.02248276501454
resnet101,0,35,16,0,bert,3,7,4,64,26741.0,26738.20408163265,98.54906156002036
resnet101,5,35,16,0,bert,0,5,4,32,17635.5,18048.214285714286,1581.6589795373147
resnet101,0,35,16,0,bert,7,12,4,32,26568.0,26572.938775510203,42.36450582271279
resnet101,31,35,16,0,bert,0,10,8,32,8925.5,9080.826530612245,441.61565673752835
resnet101,0,35,16,0,bert,4,9,8,32,26474.0,26481.632653061224,152.37021159910876
resnet101,0,35,16,0,bert,0,8,8,16,26613.0,26576.061224489797,87.23669611763752
resnet101,21,35,16,0,bert,0,4,8,16,7733.5,7844.408163265306,208.11603105561255
resnet101,27,35,16,0,bert,0,3,8,16,4507.0,4511.091836734694,27.561096041227252
resnet101,0,35,16,0,bert,9,12,8,32,26560.5,26437.918367346938,180.0644257418511
resnet101,0,35,16,0,bert,0,12,8,32,27806.0,27814.897959183672,30.336712384239135
resnet101,0,35,16,0,bert,0,12,8,8,26829.0,26830.571428571428,30.9446510494371
resnet101,0,35,16,0,bert,2,4,8,64,26753.0,26758.408163265307,26.437001255851918
resnet101,0,1,16,0,bert,2,12,8,8,8956.5,9049.224489795919,262.8296775485027
resnet101,0,22,16,0,bert,0,12,8,16,20389.5,20371.336734693876,110.10189565158483
resnet101,0,35,16,0,bert,1,3,8,64,26568.0,26574.285714285714,29.68645674858679
resnet101,23,35,16,0,bert,0,12,8,64,10895.0,10996.540816326531,462.5788442087875
resnet101,0,35,16,0,bert,0,9,8,8,26474.5,26478.79591836735,56.34296565906558
resnet101,0,35,16,0,bert,0,12,8,64,29409.5,29413.897959183672,49.97294978406601
resnet101,0,35,16,0,bert,0,12,8,16,26997.5,27001.98979591837,31.42093897516113
resnet101,0,35,16,0,bert,6,12,8,32,26784.0,26789.091836734693,33.61033816134975
resnet101,0,26,16,0,bert,0,12,8,32,23311.0,23275.571428571428,72.25945316308842
resnet101,0,35,16,0,bert,0,5,8,32,26840.0,26846.561224489797,25.792368087514745
resnet101,10,35,16,0,bert,0,1,8,64,13462.0,13471.40206185567,46.153634026943976
resnet101,0,18,16,0,bert,0,12,8,16,18606.5,18614.95918367347,54.32741225001049
resnet101,0,6,16,0,bert,0,12,8,16,12130.5,12177.438775510203,456.74056107281825
resnet101,32,35,16,0,bert,0,3,8,8,3043.5,3097.6020408163267,285.8162225225496
resnet101,2,35,16,0,bert,0,3,8,32,22537.5,22539.316326530614,89.89081778023548
resnet101,0,35,16,0,bert,2,12,8,8,26550.0,26574.561224489797,74.02455002675727
resnet101,31,35,16,0,bert,0,4,8,64,4105.5,4099.897959183673,125.95030521435893
resnet101,22,35,16,0,bert,0,12,8,16,10894.5,11114.387755102041,628.7549510115138
resnet101,0,35,16,0,bert,4,12,8,8,26429.5,26465.561224489797,96.29663633756475
resnet101,13,35,16,0,bert,0,12,8,8,12299.5,12522.65306122449,1022.443991800128
resnet101,0,35,16,0,bert,5,12,8,64,28162.5,28164.11224489796,48.730806300691725
resnet101,19,28,16,0,bert,0,12,8,64,10761.5,10848.612244897959,596.1563730050633
resnet101,0,35,16,0,bert,5,12,8,8,26426.0,26448.826530612245,101.4597563237241
resnet101,24,32,16,0,bert,0,12,8,64,10851.5,10911.979591836734,255.24697841829615
resnet101,0,35,16,0,bert,4,12,8,16,26770.0,26733.88775510204,106.11323203695089
resnet101,0,35,16,0,bert,0,3,8,8,26141.0,26165.275510204083,89.36736616317934
resnet101,0,35,16,0,bert,4,6,8,8,26071.0,26105.663265306124,94.80290444590078
resnet101,0,35,16,0,bert,5,9,8,64,27251.0,27240.632653061224,59.32466667950807
resnet101,9,35,16,0,bert,0,10,8,16,14479.5,14487.214285714286,41.669312841143196
resnet101,0,35,16,0,bert,11,12,8,8,26024.0,26033.367346938776,59.88345615888161
resnet101,0,17,16,0,bert,0,12,8,8,17620.5,17627.602040816328,53.26382924686462
resnet101,0,35,16,0,bert,0,8,8,8,26480.0,26528.285714285714,129.16877110420856
resnet101,0,35,16,0,bert,9,12,8,8,26173.5,26201.622448979593,80.84976181683675
resnet101,0,22,16,0,bert,0,12,8,64,23102.5,23096.469387755104,51.24415428714526
resnet101,0,35,16,0,bert,6,8,8,8,26113.5,26141.19387755102,74.3688625542818
resnet101,0,35,16,0,bert,7,12,8,8,26282.5,26317.020408163266,95.35722093007364
resnet101,0,35,16,0,bert,10,12,8,32,26288.0,26333.408163265307,94.62868753601981
resnet101,22,35,16,0,bert,0,12,8,32,12000.5,12180.204081632653,823.2129186128552
resnet101,27,35,16,0,bert,0,7,8,16,7443.0,7552.632653061224,570.9704661534535
resnet101,22,35,16,0,bert,0,12,8,8,12174.5,12292.948979591836,740.769764728349
resnet101,0,35,16,0,bert,6,7,8,64,26302.5,26323.785714285714,78.54418358803028
resnet101,0,3,16,0,bert,0,12,8,16,11722.5,12273.387755102041,1260.8492330256981
resnet101,0,16,16,0,bert,0,12,8,64,20166.5,20165.918367346938,66.82610290887466
resnet101,0,35,16,0,bert,3,4,8,8,26035.5,26053.377551020407,63.3036922716755
resnet101,0,20,16,0,bert,1,12,8,8,19106.5,19107.663265306124,37.08042661994827
resnet101,32,35,16,0,bert,0,12,8,8,12462.0,12544.051546391753,997.9120508644513
resnet101,6,25,16,0,bert,0,12,8,64,14734.0,14791.520408163266,660.3785282729255
resnet101,0,35,16,0,bert,2,12,8,16,27024.0,26959.948979591838,160.37986618821768
resnet101,22,26,16,0,bert,0,12,8,32,12436.5,12617.42857142857,1026.3448718234856
resnet101,4,35,16,0,bert,0,5,8,32,19595.5,19545.581632653062,232.9401658948717
resnet101,31,35,16,0,bert,0,9,8,64,9427.0,9587.244897959185,691.209337457369
resnet101,0,35,16,0,bert,6,10,8,64,27094.0,27244.816326530614,544.719799659979
resnet101,0,35,16,0,bert,8,12,8,32,26655.0,26629.438775510203,94.59840641606924
resnet101,0,30,16,0,bert,9,12,8,64,24618.5,24588.64285714286,89.1646321848134
resnet101,0,35,16,0,bert,4,8,8,64,27312.5,27299.836734693876,67.31720432030019
resnet101,0,35,16,0,bert,0,10,8,8,26619.0,26635.29591836735,98.65102471448446
resnet101,0,10,16,0,bert,10,12,8,64,13962.0,13969.969387755102,42.585437311993495
resnet101,21,25,16,0,bert,0,12,8,8,12031.5,12062.15306122449,429.4128965878121
resnet101,0,34,16,0,bert,0,12,8,8,26541.5,26443.73469387755,181.18822950352094
resnet101,0,31,16,0,bert,9,12,16,32,24943.0,24925.918367346938,76.89068220258773
resnet101,0,35,16,0,bert,0,12,16,64,33585.5,33602.5306122449,98.97610555610747
resnet101,0,35,16,0,bert,0,12,16,16,27666.5,27674.326530612245,47.90525843707068
resnet101,0,25,16,0,bert,0,12,16,32,24655.0,24607.113402061856,132.0431729060855
resnet101,12,35,16,0,bert,0,2,16,64,13423.0,13431.69387755102,55.10183673431595
resnet101,9,17,16,0,bert,0,12,16,64,13239.0,13249.887755102041,45.849105359945376
resnet101,0,35,16,0,bert,11,11,16,8,26162.5,26164.183673469386,38.17851381494397
resnet101,0,35,16,0,bert,0,12,16,8,27287.0,27289.775510204083,52.31332811252864
resnet101,18,35,16,0,bert,0,12,16,16,11920.5,11987.102040816326,411.81131725129075
resnet101,16,35,16,0,bert,0,12,16,16,12138.0,12559.255102040815,1430.2303818360979
resnet101,0,35,16,0,bert,7,12,16,64,29322.0,29328.102040816328,42.373097403779326
resnet101,0,34,16,0,bert,0,12,16,16,27751.5,27754.367346938776,41.40526136219249
resnet101,0,1,16,0,bert,0,12,16,16,11758.5,11777.561224489797,384.0592021308144
resnet101,0,35,16,0,bert,7,12,16,8,26257.5,26211.448979591838,120.76728527559241
resnet101,3,35,16,0,bert,0,12,16,32,23762.0,23772.836734693876,62.27960223575532
resnet101,24,35,16,0,bert,0,12,16,32,11854.5,11931.65306122449,331.5209262345972
resnet101,0,35,16,0,bert,4,12,16,16,27146.5,27159.163265306124,136.26120578353428
resnet101,0,35,16,0,bert,0,3,16,16,26410.0,26418.336734693876,41.480741505768535
resnet101,0,6,16,0,bert,0,12,16,32,14783.0,14777.69387755102,55.64141904674994
resnet101,0,26,16,0,bert,0,12,16,8,22658.5,22681.969387755104,68.49109194001333
resnet101,0,3,16,0,bert,0,12,16,16,11903.0,11976.775510204081,438.1834377455812
resnet101,0,35,16,0,bert,10,12,16,32,26563.0,26574.591836734693,57.15371981300203
resnet101,0,26,16,0,bert,0,12,16,32,25074.5,25075.397959183672,67.6919402244113
resnet101,2,35,16,0,bert,0,4,16,32,23199.5,23185.20408163265,79.51112862472151
resnet101,0,35,16,0,bert,0,12,16,32,29484.5,29484.051020408162,49.99538191917811
resnet101,0,27,16,0,bert,0,12,16,32,25579.0,25569.673469387755,46.687142728235294
resnet101,0,35,16,0,bert,0,3,16,8,26230.0,26236.367346938776,41.917408529860545
resnet101,0,21,16,0,bert,0,12,16,16,20680.0,20687.561224489797,84.92890980667069
resnet101,32,32,16,0,bert,0,12,16,8,11780.5,11779.80612244898,258.41659366395754
resnet101,0,35,16,0,bert,0,9,16,32,28513.0,28432.061224489797,269.03693761746223
resnet101,22,35,16,0,bert,0,12,16,8,11888.0,12004.5,704.7307091712263
resnet101,0,0,16,0,bert,0,12,16,64,11846.0,11887.887755102041,388.4566238662596
resnet101,0,35,16,0,bert,1,12,16,8,26998.0,27035.816326530614,163.2057888966037
resnet101,32,35,16,0,bert,0,3,16,16,3419.0,3426.469387755102,83.2760597297624
resnet101,0,28,16,0,bert,0,12,16,8,23677.5,23689.65306122449,93.03445730336124
resnet101,0,35,16,0,bert,10,11,16,16,26124.5,26127.663265306124,27.939783601615865
resnet101,0,35,16,0,bert,1,5,16,64,28486.5,28499.938775510203,59.91436343181324
resnet101,10,13,16,0,bert,0,12,16,64,12602.0,12676.214285714286,739.2479389934898
resnet101,0,35,16,0,bert,9,12,16,64,27874.5,27879.132653061224,35.591399372429805
resnet101,0,31,16,0,bert,0,12,16,16,25849.0,25843.04081632653,101.16534438954903
resnet101,30,35,16,0,bert,0,12,16,32,11885.0,11893.469387755102,248.55879294984993
resnet101,21,35,16,0,bert,0,12,16,8,11893.0,11944.551020408164,685.3659847929451
resnet101,11,35,16,0,bert,0,12,16,8,13771.0,13861.785714285714,544.3702268470889
resnet101,0,35,16,0,bert,0,7,16,16,26980.0,26994.896907216495,54.756534145906315
resnet101,0,35,16,0,bert,1,12,16,32,29253.5,29283.561224489797,136.28519514175832
resnet101,14,35,16,0,bert,0,12,16,8,12292.5,12510.418367346938,922.2978062080111
resnet101,0,23,16,0,bert,0,12,16,8,21106.5,21111.84693877551,38.83385647854526
resnet101,6,35,16,0,bert,0,2,16,8,16538.5,16730.551020408162,826.685453624081
resnet101,15,35,16,0,bert,0,12,16,8,12064.5,12110.510204081633,419.8527012086539
resnet101,0,35,16,0,bert,5,12,16,32,27972.5,28004.45918367347,108.7885205873235
resnet101,21,35,16,0,bert,0,12,16,32,12095.5,12134.0,397.45072855972103
resnet101,0,35,16,0,bert,0,9,16,16,27251.5,27264.76530612245,60.729712497329764
resnet101,0,24,16,0,bert,9,12,16,8,20805.0,20806.551020408162,30.169291878135866
resnet101,0,35,16,0,bert,6,12,16,64,29928.0,29927.73469387755,98.8885737627187
resnet101,0,35,16,0,bert,0,1,16,32,26280.0,26285.255102040817,41.38404287381097
resnet101,0,35,16,0,bert,0,0,16,8,25954.0,25957.877551020407,38.48091636921792
resnet101,0,35,16,0,bert,11,12,16,32,26269.5,26273.867346938776,28.68749203195907
resnet101,33,35,16,0,bert,0,12,16,8,10955.5,11090.826530612245,539.4861883861272
resnet101,0,35,16,0,bert,0,2,16,16,26431.0,26259.938775510203,271.9089289437126
resnet101,31,35,16,0,bert,0,4,16,64,5007.5,5028.2959183673465,134.3216676173414
resnet101,0,35,16,0,bert,0,9,16,8,26993.5,26994.632653061224,38.80495122919293
resnet101,30,35,16,0,bert,0,6,16,32,6098.5,6178.540816326531,514.7412500047733
resnet101,32,33,16,0,bert,0,12,16,16,10828.0,10879.132653061224,302.1218039863751
resnet101,0,13,16,0,bert,0,12,16,64,22918.5,22870.877551020407,120.80049882534212
resnet101,0,35,16,0,bert,0,6,16,16,26982.0,26920.918367346938,145.31911917340554
resnet101,0,35,16,0,bert,0,4,16,16,26680.5,26685.581632653062,35.13847924804169
resnet101,25,35,16,0,bert,0,7,16,64,10002.5,10035.091836734693,270.30674513221703
resnet101,27,35,16,0,bert,0,12,16,8,10843.0,10906.69387755102,289.3652944566522
resnet101,2,35,16,0,bert,0,12,16,8,22951.0,22929.948979591838,76.61091365331379
resnet101,8,35,16,0,bert,0,12,16,64,22338.5,22341.275510204083,70.23761138671446
resnet101,0,33,16,0,bert,0,12,16,16,27075.0,27082.418367346938,45.716277516739105
resnet101,2,35,16,0,bert,0,12,16,64,29878.5,29866.30612244898,69.13686635252013
resnet101,0,33,16,0,bert,0,12,16,32,28832.0,28837.34693877551,101.13741934946592
resnet101,0,17,16,0,bert,0,12,16,64,24768.0,24774.163265306124,48.84266574933274
resnet101,29,35,16,0,bert,0,12,16,16,10763.0,10789.540816326531,220.57606251457943
resnet101,0,35,16,0,bert,0,12,32,32,33638.5,33605.54081632653,137.24684810085557
resnet101,0,35,16,0,bert,0,12,32,64,41927.5,41870.08163265306,161.26114411542562
resnet101,10,35,16,0,bert,0,3,32,64,16973.5,17063.244897959183,681.5111220022346
resnet101,0,25,16,0,bert,0,12,32,64,36940.0,36912.69387755102,126.08471465105542
resnet101,2,35,16,0,bert,0,12,32,32,29697.5,29682.11224489796,83.12430851675703
resnet101,0,24,16,0,bert,0,12,32,16,23982.0,23994.74226804124,86.65636345251716
resnet101,0,30,16,0,bert,7,12,32,32,26685.5,26690.285714285714,34.152120679963275
resnet101,4,35,16,0,bert,0,0,32,32,18825.0,18822.76530612245,32.761912001095325
resnet101,1,35,16,0,bert,0,12,32,64,40071.0,40016.84693877551,136.76789156851945
resnet101,0,16,16,0,bert,0,12,32,16,20057.0,20064.897959183672,53.400391689291595
resnet101,0,35,16,0,bert,0,12,32,16,29785.5,29775.132653061224,56.01997416284806
resnet101,29,29,16,0,bert,0,12,32,8,11111.0,11058.387755102041,476.72562238014433
resnet101,0,35,16,0,bert,4,12,32,16,28253.5,28186.928571428572,247.79913895190623
resnet101,9,35,16,0,bert,0,12,32,64,29399.5,29403.84693877551,43.422544704198174
resnet101,0,35,16,0,bert,11,12,32,32,26586.0,26592.397959183672,27.902431975022946
resnet101,0,17,16,0,bert,0,12,32,32,24762.0,24736.316326530614,73.69609367694001
resnet101,0,35,16,0,bert,0,8,32,32,31132.5,31098.561224489797,106.63489744733037
resnet101,0,35,16,0,bert,0,12,32,8,27823.0,27851.26530612245,79.37016750777595
resnet101,21,35,16,0,bert,0,12,32,64,23648.0,23651.64285714286,45.190808619380434
resnet101,7,35,16,0,bert,0,12,32,32,23033.5,23038.61224489796,54.29109609658472
resnet101,1,35,16,0,bert,0,12,32,32,31723.0,31728.326530612245,44.816354410608035
resnet101,8,23,16,0,bert,0,12,32,64,24793.0,24794.867346938776,45.20873081541726
resnet101,0,23,16,0,bert,0,12,32,8,21867.0,21881.938775510203,66.59178357212662
resnet101,0,10,16,0,bert,1,12,32,8,15483.5,15507.755102040815,191.73893077831113
resnet101,0,35,16,0,bert,2,12,32,16,28986.0,28957.551020408162,75.68680396791197
resnet101,31,35,16,0,bert,0,9,32,8,8099.5,8182.642857142857,228.0365728812564
resnet101,0,35,16,0,bert,8,11,32,16,26855.0,26870.173469387755,145.75769840068617
resnet101,0,35,16,0,bert,3,12,32,8,27508.0,27504.04081632653,60.01171966618515
resnet101,21,35,16,0,bert,0,4,32,16,8587.0,8595.102040816326,49.975808391725856
resnet101,0,35,16,0,bert,4,12,32,32,31175.0,31178.26530612245,37.318144358685316
resnet101,0,35,16,0,bert,6,12,32,8,26941.0,26977.561224489797,101.31785368853629
resnet101,0,35,16,0,bert,0,8,32,16,28441.0,28445.163265306124,28.401169089745345
resnet101,0,35,16,0,bert,0,7,32,8,27205.0,27178.785714285714,96.27768618502866
resnet101,0,29,16,0,bert,7,12,32,32,26355.5,26339.979591836734,69.51185181456862
resnet101,0,35,16,0,bert,0,0,32,16,25992.5,26005.214285714286,58.93740193577229
resnet101,33,35,16,0,bert,0,12,32,64,17820.5,17825.69387755102,37.09706192317588
resnet101,0,35,16,0,bert,3,12,32,64,38065.0,38068.0,41.58517200411999
resnet101,0,20,16,0,bert,7,12,32,16,19929.0,19949.051020408162,90.97256510069167
resnet101,0,33,16,0,bert,8,12,32,16,26707.0,26674.64285714286,78.7889521417301
resnet101,8,35,16,0,bert,0,12,32,64,30490.0,30489.602040816328,42.01742587864851
resnet101,0,35,16,0,bert,7,12,32,8,26784.5,26811.816326530614,87.88923304059949
resnet101,0,35,16,0,bert,0,5,32,32,29278.5,29271.0,53.94082169283259
resnet101,0,35,16,0,bert,0,1,32,32,26603.0,26634.54081632653,78.44888734624745
resnet101,0,1,16,0,bert,1,12,32,16,9987.5,10305.887755102041,1084.0009684709607
resnet101,2,24,16,0,bert,0,12,32,8,18516.5,18512.428571428572,93.62931688094193
resnet101,0,35,16,0,bert,0,6,32,8,27022.0,26994.35714285714,92.67071945818678
resnet101,11,35,16,0,bert,0,2,32,8,12953.5,12955.724489795919,35.182260317754206
resnet101,17,30,16,0,bert,0,12,32,64,23356.0,23363.755102040817,40.41293519545489
resnet101,0,7,16,0,bert,3,12,32,64,23268.0,23285.721649484534,53.31094204390968
resnet101,13,35,16,0,bert,0,3,32,64,15558.5,15556.622448979591,42.335760757313174
resnet101,18,35,16,0,bert,0,12,32,16,12641.5,13187.061224489797,1522.6687689464939
resnet101,0,35,16,0,bert,0,5,32,8,26793.5,26827.928571428572,100.30557902566272
resnet101,0,32,16,0,bert,9,12,32,16,25902.0,25871.65306122449,93.55638941746837
resnet101,0,35,16,0,bert,0,8,32,8,27378.5,27354.418367346938,85.11407992462867
resnet101,0,35,16,0,bert,1,12,32,32,33066.5,33065.34693877551,43.75560653074989
resnet101,0,18,16,0,bert,0,12,32,64,33566.0,33565.163265306124,44.663753709918126
resnet101,6,8,16,0,bert,0,12,32,8,10643.5,10649.377551020409,209.4217264183526
resnet101,0,35,16,0,bert,0,9,32,32,31714.5,31566.979591836734,284.1627867603801
resnet101,20,35,16,0,bert,0,12,32,64,24075.0,24080.632653061224,49.52537748882128
resnet101,0,9,16,0,bert,0,12,32,16,17215.0,17205.867346938776,56.541052045665495
resnet101,0,9,16,0,bert,0,12,32,8,15339.0,15359.010204081633,98.71382002143194
resnet101,0,8,16,0,bert,8,12,32,8,12366.0,12371.826530612245,32.11999997147307
resnet101,0,35,16,0,bert,0,0,32,32,25976.5,25976.622448979593,24.840107178004363
resnet101,0,35,16,0,bert,8,12,32,64,31227.5,31271.948979591838,89.51107244802456
resnet101,24,35,16,0,bert,0,0,32,8,5856.0,5863.591836734694,35.85795011461648
resnet101,3,35,16,0,bert,0,12,32,16,23991.5,23998.428571428572,42.02234585337197
resnet101,0,5,16,0,bert,0,12,32,64,25959.0,25965.428571428572,54.88689669284855
resnet101,0,35,32,0,bert,3,7,4,32,50644.5,50680.58163265306,99.75387297165283
resnet101,0,35,32,0,bert,0,10,4,8,50754.0,50771.17346938775,113.72954182569151
resnet101,16,28,32,0,bert,0,12,4,64,14290.5,14371.0,362.18689504008216
resnet101,6,30,32,0,bert,0,12,4,64,28399.0,28402.255102040817,43.517604043930106
resnet101,0,35,32,0,bert,8,8,4,16,50276.5,50317.683673469386,116.37427278439793
resnet101,0,35,32,0,bert,0,12,4,64,52258.5,52238.80612244898,119.01857668098992
resnet101,16,35,32,0,bert,0,12,4,8,19016.0,19018.602040816328,73.91994287753977
resnet101,0,35,32,0,bert,0,1,4,64,50427.5,50469.41836734694,111.22554062413167
resnet101,0,11,32,0,bert,0,12,4,64,29436.0,29438.11224489796,46.20470924251037
resnet101,0,18,32,0,bert,0,12,4,32,35483.5,35472.43877551021,82.04690872393476
resnet101,25,35,32,0,bert,0,6,4,16,9921.0,9999.92857142857,364.46116923144365
resnet101,0,35,32,0,bert,0,0,4,8,50745.5,50749.91836734694,43.863813701461076
resnet101,0,35,32,0,bert,3,12,4,64,52122.0,52126.91836734694,50.585081585059214
resnet101,0,35,32,0,bert,11,12,4,64,50903.0,50899.9081632653,55.03117608705419
resnet101,0,35,32,0,bert,6,12,4,16,50899.0,50916.71134020619,80.53979726548033
resnet101,0,35,32,0,bert,10,12,4,64,50823.5,50827.744897959186,31.747187316998783
resnet101,0,35,32,0,bert,0,12,4,8,51057.5,51056.602040816324,57.03825064508373
resnet101,0,35,32,0,bert,0,11,4,32,51489.0,51485.02040816326,44.59133703544796
resnet101,0,35,32,0,bert,0,12,4,16,51207.5,51212.602040816324,50.562900773299965
resnet101,0,35,32,0,bert,1,6,4,64,51290.0,51291.19387755102,52.14396440375538
resnet101,4,35,32,0,bert,0,12,4,64,37937.0,37943.28571428572,33.77627473085031
resnet101,0,9,32,0,bert,0,12,4,8,26204.5,26211.061224489797,44.80907714313018
resnet101,5,35,32,0,bert,0,12,4,8,33290.5,33290.4081632653,33.106456838228816
resnet101,30,35,32,0,bert,0,12,4,16,10753.0,10924.69387755102,652.8211995132696
resnet101,0,35,32,0,bert,0,11,4,64,51791.0,51735.010204081635,204.6709900830868
resnet101,0,35,32,0,bert,3,12,4,32,51074.5,51112.19387755102,138.3540015989201
resnet101,28,35,32,0,bert,0,5,4,16,6818.0,6857.418367346939,235.95143583119776
resnet101,0,25,32,0,bert,0,12,4,16,41779.0,41778.97959183674,44.57211070719702
resnet101,0,35,32,0,bert,0,9,4,64,51751.0,51744.26530612245,137.9731969697345
resnet101,9,35,32,0,bert,0,12,4,16,26117.0,26118.969387755104,37.6223050649567
resnet101,0,35,32,0,bert,0,6,4,32,50891.5,50898.5,117.7442099620692
resnet101,0,8,32,0,bert,0,12,4,32,24962.5,24989.65306122449,89.62291776430897
resnet101,0,35,32,0,bert,3,11,4,16,51024.0,51026.336734693876,49.51251004102161
resnet101,0,11,32,0,bert,0,12,4,16,28279.0,28280.377551020407,45.61608096912853
resnet101,0,35,32,0,bert,6,12,4,8,50779.5,50777.72448979592,46.42786386543149
resnet101,0,35,32,0,bert,6,6,4,8,50498.0,50510.295918367345,59.46053556320128
resnet101,23,28,32,0,bert,0,12,4,16,10698.0,10736.959183673469,232.75790691614898
resnet101,0,35,32,0,bert,2,12,4,32,51400.0,51406.56122448979,52.83205318174361
resnet101,12,35,32,0,bert,0,12,4,32,23568.0,23565.45918367347,73.20368123443238
resnet101,0,35,32,0,bert,2,12,4,16,51136.0,51133.683673469386,49.72036024849696
resnet101,0,7,32,0,bert,0,12,4,16,22915.0,22922.80612244898,79.1952712156716
resnet101,0,29,32,0,bert,3,12,4,64,46614.0,46612.17346938775,47.355370686557904
resnet101,0,31,32,0,bert,3,12,4,8,47660.0,47656.12244897959,52.566821480218024
resnet101,0,35,32,0,bert,2,6,4,16,50748.0,50756.010204081635,42.945740540484294
resnet101,0,1,32,0,bert,0,12,4,8,10702.5,10813.755102040815,623.5161006582682
resnet101,0,35,32,0,bert,7,12,4,64,51007.0,50970.87755102041,190.0267577993078
resnet101,11,35,32,0,bert,0,12,4,32,24488.5,24494.88775510204,76.59353127866572
resnet101,0,35,32,0,bert,0,0,4,32,50242.0,50266.07142857143,84.47644883731361
resnet101,0,7,32,0,bert,0,12,4,64,24169.5,24171.091836734693,68.69112866921678
resnet101,0,35,32,0,bert,0,12,4,32,51386.0,51392.22448979592,134.45077474236186
resnet101,30,35,32,0,bert,0,12,4,8,10694.0,10845.204081632653,716.529347123663
resnet101,27,35,32,0,bert,0,12,4,32,10987.5,11171.581632653062,1070.8096490789574
resnet101,33,35,32,0,bert,0,3,4,32,3099.5,3115.765306122449,110.68882665994462
resnet101,0,21,32,0,bert,0,12,4,64,38904.0,38923.32653061225,135.96749127597272
resnet101,0,18,32,0,bert,0,12,4,16,34843.0,34839.77551020408,44.22150428316774
resnet101,0,35,32,0,bert,1,12,4,64,52105.0,52090.41836734694,111.49054352407484
resnet101,0,35,32,0,bert,10,11,4,32,50467.0,50465.489795918365,126.05831537613278
resnet101,25,35,32,0,bert,0,10,4,64,11286.5,11560.765306122448,1041.9033583706744
resnet101,0,35,32,0,bert,0,2,4,64,50703.5,50689.551020408166,135.71181369545462
resnet101,3,5,32,0,bert,0,12,4,8,10863.0,10991.857142857143,602.4980142231651
resnet101,2,35,32,0,bert,0,10,4,64,44111.5,44113.30612244898,41.457971873975865
resnet101,0,33,32,0,bert,4,12,4,32,50311.5,50307.755102040814,37.475995371320295
resnet101,10,35,32,0,bert,0,12,4,64,26309.0,26300.98979591837,99.7799103433232
resnet101,23,35,32,0,bert,0,12,4,8,12207.5,12318.510204081633,712.0763150585092
resnet101,0,30,32,0,bert,4,12,4,32,46983.0,46979.34693877551,39.809265161137056
resnet101,10,35,32,0,bert,0,12,4,8,25038.0,25037.816326530614,35.82222173705998
resnet101,0,35,32,0,bert,0,4,4,8,50677.5,50688.21428571428,43.304156844349244
resnet101,2,35,32,0,bert,0,4,4,64,43240.0,43243.61855670103,34.428004454228734
resnet101,0,35,32,0,bert,8,11,4,16,50685.5,50692.61224489796,45.64897849697818
resnet101,27,35,32,0,bert,0,9,4,16,8369.0,9097.979591836734,1908.8227645651866
resnet101,4,35,32,0,bert,0,12,4,16,36849.5,36858.5,45.47824104077977
resnet101,0,35,32,0,bert,0,10,4,32,51401.0,51410.22448979592,36.632630322316864
resnet101,0,35,32,0,bert,3,12,4,8,50912.0,50905.22448979592,54.12561553823433
resnet101,0,35,32,0,bert,1,8,4,8,50815.0,50827.183673469386,55.359004012727084
resnet101,0,35,32,0,bert,7,12,4,16,50805.0,50811.897959183676,41.16925983083425
resnet101,10,35,32,0,bert,0,9,4,64,25762.5,25767.561224489797,27.015515695550643
resnet101,0,35,32,0,bert,0,7,4,64,51593.5,51595.19387755102,48.470621896210645
resnet101,33,35,32,0,bert,0,12,4,32,12621.5,12796.704081632653,1632.9981204557193
resnet101,0,35,32,0,bert,1,12,4,8,50506.5,50576.77551020408,287.26545110794285
resnet101,0,35,32,0,bert,11,11,8,16,50412.0,50403.23469387755,102.33316946056671
resnet101,0,2,32,0,bert,0,12,8,32,11274.0,11327.591836734693,364.7433774065439
resnet101,0,35,32,0,bert,0,12,8,64,54010.0,54014.88775510204,46.241575659250934
resnet101,0,29,32,0,bert,0,12,8,8,45886.0,45880.9693877551,110.23198673536261
resnet101,0,31,32,0,bert,2,12,8,16,48094.0,48079.316326530614,95.76710663393895
resnet101,0,35,32,0,bert,0,12,8,16,51549.0,51526.92857142857,100.6482306179826
resnet101,0,35,32,0,bert,8,9,8,16,50497.5,50479.602040816324,125.82006424757395
resnet101,0,12,32,0,bert,5,12,8,64,30299.0,30304.05154639175,41.053992895456815
resnet101,0,35,32,0,bert,0,11,8,64,53700.0,53704.9081632653,45.73862895036381
resnet101,0,35,32,0,bert,0,1,8,16,50507.0,50499.19387755102,103.14648372762282
resnet101,0,35,32,0,bert,0,12,8,32,52248.0,52238.948979591834,61.70657565082188
resnet101,5,34,32,0,bert,0,12,8,16,33636.5,33636.9693877551,36.968948382705115
resnet101,27,35,32,0,bert,0,12,8,16,10829.0,11114.469387755102,962.3769701818305
resnet101,7,28,32,0,bert,0,12,8,8,23716.0,23713.85714285714,37.78105561343285
resnet101,0,35,32,0,bert,0,6,8,32,51387.5,51362.336734693876,97.31255596541203
resnet101,0,11,32,0,bert,0,12,8,32,29408.0,29408.5,39.4043015366576
resnet101,0,8,32,0,bert,5,12,8,32,24427.5,24421.030612244896,33.15807965736152
resnet101,0,35,32,0,bert,5,9,8,8,50711.0,50676.06122448979,106.28377651138028
resnet101,7,35,32,0,bert,0,12,8,64,32603.0,32607.48979591837,33.4420744699893
resnet101,0,35,32,0,bert,4,12,8,32,51701.0,51676.08163265306,91.78175905534621
resnet101,0,6,32,0,bert,6,12,8,8,20238.5,20252.04081632653,58.61355947590669
resnet101,0,35,32,0,bert,6,11,8,16,50946.0,50921.744897959186,106.69968452648216
resnet101,0,35,32,0,bert,0,10,8,32,51964.0,51951.22448979592,80.09682031603808
resnet101,0,35,32,0,bert,0,4,8,64,51695.5,51671.23469387755,85.0688557869817
resnet101,30,34,32,0,bert,0,12,8,32,10600.0,10651.367346938776,212.59751125288474
resnet101,0,35,32,0,bert,0,7,8,8,50883.5,50860.71428571428,99.90332061241885
resnet101,0,35,32,0,bert,0,8,8,32,51699.0,51681.28571428572,77.9078471853845
resnet101,20,26,32,0,bert,0,12,8,8,10813.0,10896.336734693878,342.69117839915737
resnet101,0,35,32,0,bert,0,12,8,8,51210.0,51186.21428571428,115.47278590955658
resnet101,0,35,32,0,bert,0,10,8,64,53460.0,53466.051020408166,42.37812596355881
resnet101,0,35,32,0,bert,3,12,8,16,51297.5,51274.97959183674,90.96433250229734
resnet101,28,35,32,0,bert,0,12,8,8,10919.5,11030.336734693878,874.9662727479733
resnet101,16,35,32,0,bert,0,12,8,32,20159.5,20158.69387755102,58.03612670855926
resnet101,0,33,32,0,bert,3,12,8,64,52255.0,52254.816326530614,44.60537785339788
resnet101,25,35,32,0,bert,0,11,8,32,11525.0,11594.69387755102,473.26638329206565
resnet101,0,35,32,0,bert,5,12,8,8,50880.0,50866.63265306123,114.61509568232007
resnet101,5,35,32,0,bert,0,12,8,32,34358.5,34366.5,42.28408539333706
resnet101,0,15,32,0,bert,0,12,8,32,32939.0,32953.5306122449,63.90014596796472
resnet101,0,18,32,0,bert,4,12,8,32,35357.0,35374.02040816326,65.46053174363873
resnet101,0,21,32,0,bert,0,12,8,32,38992.5,38975.67346938775,80.81432176445624
resnet101,31,32,32,0,bert,0,12,8,64,10843.0,10903.948979591836,336.16111214012443
resnet101,0,35,32,0,bert,2,12,8,8,51090.0,51073.19387755102,82.19174423053981
resnet101,9,28,32,0,bert,0,12,8,64,22555.0,22569.520408163266,89.95534375022507
resnet101,0,35,32,0,bert,0,3,8,16,50743.0,50731.642857142855,73.57909114049468
resnet101,0,33,32,0,bert,0,12,8,32,51303.5,51301.0,48.15557271670092
resnet101,0,35,32,0,bert,0,0,8,32,50402.0,50398.84693877551,92.01478941029394
resnet101,6,31,32,0,bert,0,12,8,64,31106.5,31114.602040816328,39.80455819347736
resnet101,0,35,32,0,bert,6,12,8,16,51052.5,51038.02040816326,80.4979375565226
resnet101,0,35,32,0,bert,0,10,8,16,51386.5,51359.9693877551,79.30687672291428
resnet101,0,26,32,0,bert,0,12,8,32,43998.5,43990.37755102041,58.94766189580457
resnet101,17,35,32,0,bert,0,12,8,16,18512.5,18514.244897959183,32.30563899234735
resnet101,0,35,32,0,bert,9,12,8,32,50921.0,50890.795918367345,89.251531649085
resnet101,0,35,32,0,bert,10,12,8,16,50664.0,50635.704081632655,89.05034223812973
resnet101,0,27,32,0,bert,0,12,8,16,44302.5,44285.11224489796,89.65931922300025
resnet101,34,35,32,0,bert,0,3,8,16,3409.0,3422.6938775510203,169.2839908389224
resnet101,2,30,32,0,bert,0,12,8,16,39376.5,39301.36734693877,162.95644765315907
resnet101,12,35,32,0,bert,0,12,8,8,23200.0,23196.908163265307,42.7882986900586
resnet101,0,35,32,0,bert,8,9,8,32,50658.0,50660.602040816324,33.98791495784947
resnet101,0,35,32,0,bert,0,5,8,32,51299.5,51305.11224489796,31.690107467267506
resnet101,26,35,32,0,bert,0,12,8,32,11136.5,11304.265306122448,914.4768723269192
resnet101,0,35,32,0,bert,2,12,8,64,53450.0,53455.23469387755,39.85683589753997
resnet101,0,1,32,0,bert,0,12,8,32,10626.0,10657.112244897959,217.39782411904477
resnet101,0,35,32,0,bert,9,12,8,16,50798.0,50799.551020408166,40.68222357842916
resnet101,10,35,32,0,bert,0,12,8,32,26131.5,26130.438775510203,27.4486780197378
resnet101,0,25,32,0,bert,0,12,8,8,41974.5,41971.295918367345,57.82489563128364
resnet101,11,35,32,0,bert,0,12,8,64,26962.0,26955.938775510203,73.37405095537977
resnet101,19,35,32,0,bert,0,12,8,64,19120.5,19137.29591836735,53.743382921342715
resnet101,0,9,32,0,bert,4,12,16,32,27920.0,27906.79591836735,63.23925401715612
resnet101,0,35,32,0,bert,5,9,16,16,51161.0,51162.52040816326,35.374737207313125
resnet101,7,35,32,0,bert,0,12,16,16,30902.5,30902.918367346938,33.41045707907037
resnet101,8,17,32,0,bert,0,12,16,32,14568.5,14570.408163265307,33.85709365116794
resnet101,0,26,32,0,bert,0,12,16,16,44023.5,44025.602040816324,47.62046803032185
resnet101,32,33,32,0,bert,0,12,16,16,10576.0,10626.591836734693,235.44273694964704
resnet101,28,31,32,0,bert,0,12,16,64,12198.5,12362.081632653062,547.7511850129114
resnet101,10,35,32,0,bert,0,12,16,8,25879.5,25890.224489795917,43.943036088304815
resnet101,0,35,32,0,bert,0,12,16,8,51668.5,51676.62244897959,56.0561881573943
resnet101,0,35,32,0,bert,2,12,16,64,57182.0,57183.04081632653,108.3757558519269
resnet101,0,14,32,0,bert,0,12,16,64,38394.5,38378.704081632655,80.87004051395071
resnet101,0,35,32,0,bert,0,12,16,32,53934.5,53936.448979591834,39.904253378985516
resnet101,1,35,32,0,bert,0,12,16,32,49921.0,49923.54081632653,35.72147595259147
resnet101,0,14,32,0,bert,0,12,16,32,34066.0,34048.21428571428,80.98970078135282
resnet101,0,35,32,0,bert,0,12,16,64,58217.0,58220.22680412371,78.75938892217627
resnet101,0,35,32,0,bert,3,12,16,32,53132.0,53135.489795918365,42.66510424652111
resnet101,0,11,32,0,bert,9,12,16,64,29105.5,29107.479591836734,25.681816640491995
resnet101,0,35,32,0,bert,9,10,16,16,50631.5,50601.91836734694,90.99917845215471
resnet101,0,35,32,0,bert,4,12,16,64,55676.0,55688.91836734694,64.38732817866808
resnet101,0,18,32,0,bert,11,12,16,64,34752.5,34767.84693877551,46.04951905193603
resnet101,0,33,32,0,bert,0,12,16,8,50724.0,50724.34693877551,61.24442532578821
resnet101,0,35,32,0,bert,0,12,16,16,52304.0,52303.0306122449,40.702367699678724
resnet101,0,35,32,0,bert,1,12,16,8,51562.0,51561.102040816324,60.87935372620822
resnet101,29,35,32,0,bert,0,11,16,16,9923.0,10155.469387755102,990.696500036888
resnet101,0,12,32,0,bert,0,12,16,16,30336.5,30343.255102040817,44.50803899514861
resnet101,0,35,32,0,bert,0,4,16,64,53085.0,53087.4693877551,45.48137184979628
resnet101,0,24,32,0,bert,0,12,16,32,43680.0,43687.67346938775,41.58315384722179
resnet101,9,35,32,0,bert,0,12,16,32,28757.5,28758.826530612245,29.485044811822572
resnet101,0,22,32,0,bert,0,12,16,64,45952.0,45954.95918367347,71.3852609218782
resnet101,0,35,32,0,bert,4,12,16,16,51738.5,51732.755102040814,62.12710165204446
resnet101,0,16,32,0,bert,0,12,16,32,35853.5,35855.73469387755,35.79919934699491
resnet101,16,35,32,0,bert,0,12,16,16,20197.0,20199.071428571428,35.233405415072454
resnet101,0,35,32,0,bert,11,12,16,32,50794.0,50783.63265306123,59.095631206165685
resnet101,25,35,32,0,bert,0,1,16,8,9607.0,9611.448979591836,38.25134983585403
resnet101,4,11,32,0,bert,0,12,16,64,21735.0,21727.80612244898,66.21897165777779
resnet101,4,35,32,0,bert,0,12,16,16,37899.0,37904.32653061225,47.530822547532054
resnet101,0,35,32,0,bert,0,10,16,8,51455.0,51457.95918367347,51.26738995504841
resnet101,0,35,32,0,bert,0,10,16,64,56907.0,56906.0,67.33543810275386
resnet101,30,33,32,0,bert,0,12,16,16,10719.5,10765.877551020409,199.11996513773167
resnet101,0,35,32,0,bert,11,11,16,32,50467.0,50444.142857142855,82.79307868143944
resnet101,0,17,32,0,bert,0,12,16,8,34373.0,34362.87755102041,82.41832881474086
resnet101,0,23,32,0,bert,0,12,16,32,42697.5,42694.142857142855,34.835473358081884
resnet101,0,1,32,0,bert,0,12,16,64,13622.0,13648.0,229.48873966417844
resnet101,0,35,32,0,bert,5,12,16,32,52573.0,52578.58163265306,34.276464070425625
resnet101,0,9,32,0,bert,0,12,16,32,29607.5,29607.80612244898,34.73798666615064
resnet101,13,35,32,0,bert,0,5,16,8,21975.5,21982.397959183672,37.94080776412453
resnet101,0,35,32,0,bert,6,12,16,64,54406.0,54408.78571428572,35.69034912141044
resnet101,0,19,32,0,bert,0,12,16,64,42966.0,42972.12244897959,73.05439199610701
resnet101,0,18,32,0,bert,4,12,16,16,35431.5,35432.9693877551,86.65536408160173
resnet101,22,35,32,0,bert,0,12,16,8,13758.5,14214.632653061224,1398.5952455855818
resnet101,23,35,32,0,bert,0,8,16,8,12279.0,12326.081632653062,308.61893395793857
resnet101,26,35,32,0,bert,0,12,16,8,10955.5,11009.142857142857,239.33159474857882
resnet101,25,35,32,0,bert,0,12,16,32,13802.0,13803.84693877551,32.50944981637799
resnet101,0,20,32,0,bert,0,12,16,8,37385.5,37371.163265306124,89.99316231140655
resnet101,0,35,32,0,bert,0,11,16,64,57564.5,57572.9081632653,67.93635778337918
resnet101,0,35,32,0,bert,1,12,16,64,57529.5,57538.989795918365,59.98001281004402
resnet101,0,35,32,0,bert,0,3,16,64,52423.0,52422.71428571428,46.85801392918563
resnet101,0,1,32,0,bert,0,12,16,8,10812.0,10930.734693877552,589.8304763549872
resnet101,0,35,32,0,bert,0,1,16,64,51129.0,51108.45918367347,72.84371982333795
resnet101,0,35,32,0,bert,5,12,16,64,55022.0,55028.30612244898,41.31126450207639
resnet101,0,35,32,0,bert,7,12,16,8,50976.0,50969.489795918365,73.01722537866779
resnet101,23,35,32,0,bert,0,12,16,32,15576.5,15583.19387755102,78.24068806342432
resnet101,0,35,32,0,bert,8,12,16,8,50892.0,50883.02040816326,98.36385801247687
resnet101,0,32,32,0,bert,0,12,16,16,50527.5,50521.204081632655,61.7551054129516
resnet101,33,35,32,0,bert,0,12,16,8,10676.5,10719.34693877551,256.3652170857919
resnet101,0,35,32,0,bert,0,12,32,64,66384.0,66271.89795918367,366.169317638041
resnet101,32,35,32,0,bert,0,12,32,32,11139.0,11177.122448979591,169.58041047978475
resnet101,0,35,32,0,bert,0,12,32,8,52407.0,52382.551020408166,110.6728145784405
resnet101,0,35,32,0,bert,6,12,32,8,51418.5,51399.897959183676,123.42456092987744
resnet101,19,35,32,0,bert,0,12,32,16,19050.5,19056.65306122449,47.196960737676775
resnet101,0,35,32,0,bert,0,6,32,16,52223.5,52200.92857142857,116.29986312659746
resnet101,0,35,32,0,bert,10,11,32,8,50492.5,50509.316326530614,121.21919738670543
resnet101,9,35,32,0,bert,0,11,32,32,32453.5,32440.214285714286,66.33484170848526
resnet101,0,35,32,0,bert,0,12,32,16,53988.5,53987.183673469386,36.340607224486476
resnet101,0,35,32,0,bert,0,9,32,32,56237.0,56227.836734693876,42.89586200431084
resnet101,16,35,32,0,bert,0,12,32,32,26071.5,26069.20408163265,48.314648808231276
resnet101,0,35,32,0,bert,0,12,32,32,58116.0,58098.61855670103,63.99668859006853
resnet101,25,35,32,0,bert,0,12,32,8,11971.5,12143.979591836734,855.065052777545
resnet101,0,28,32,0,bert,8,12,32,8,44775.5,44803.58163265306,99.91087083806325
resnet101,0,35,32,0,bert,0,0,32,32,50342.0,50347.19387755102,116.29788091522889
resnet101,28,31,32,0,bert,0,12,32,64,20148.0,20152.79591836735,55.536889594118016
resnet101,15,35,32,0,bert,0,12,32,64,35337.0,35345.07142857143,33.397192231976504
resnet101,0,35,32,0,bert,0,4,32,64,55702.0,55649.15306122449,132.67701706767394
resnet101,0,35,32,0,bert,0,11,32,8,52238.0,52215.295918367345,106.5736507987071
resnet101,0,23,32,0,bert,0,12,32,64,55131.5,55129.295918367345,49.28555055535402
resnet101,13,14,32,0,bert,0,12,32,8,10658.0,10697.795918367347,213.73147176809644
resnet101,0,10,32,0,bert,4,12,32,8,27617.0,27562.214285714286,152.6022741692687
resnet101,0,35,32,0,bert,10,11,32,64,51814.5,51818.45918367347,31.727850499092984
resnet101,5,35,32,0,bert,0,3,32,8,33232.5,33234.755102040814,35.12138171486163
resnet101,0,35,32,0,bert,0,8,32,64,61096.5,61099.63265306123,36.054490437619116
resnet101,0,35,32,0,bert,6,12,32,16,52308.0,52312.5306122449,32.18479932807445
resnet101,21,35,32,0,bert,0,12,32,8,15548.5,15620.051020408164,411.32323484015205
resnet101,0,35,32,0,bert,0,1,32,16,50817.0,50821.37755102041,34.43346595502649
resnet101,0,35,32,0,bert,1,12,32,32,57481.5,57478.37755102041,54.8194653545399
resnet101,0,35,32,0,bert,0,11,32,32,57465.5,57465.54081632653,50.25692527512125
resnet101,8,35,32,0,bert,0,5,32,16,28873.0,28872.836734693876,27.03878313496021
resnet101,4,35,32,0,bert,0,12,32,64,52101.5,52128.77551020408,100.23783254699437
resnet101,19,35,32,0,bert,0,5,32,8,16265.0,16261.530612244898,30.889270338972654
resnet101,0,35,32,0,bert,3,12,32,16,53093.5,53100.13265306123,36.73446853672382
resnet101,0,35,32,0,bert,11,12,32,64,51775.0,51777.07142857143,24.78077348861164
resnet101,0,11,32,0,bert,0,12,32,8,29624.0,29634.132653061224,63.47225615278325
resnet101,0,5,32,0,bert,0,12,32,8,21117.0,21113.775510204083,48.57889241229155
resnet101,12,35,32,0,bert,0,12,32,8,24311.0,24310.530612244896,36.59491547197051
resnet101,0,35,32,0,bert,0,7,32,32,54966.5,54965.47959183674,47.22616656046379
resnet101,21,35,32,0,bert,0,12,32,16,17346.0,17360.591836734693,81.1432138743031
resnet101,25,35,32,0,bert,0,12,32,16,13830.0,13835.857142857143,46.970681259261966
resnet101,0,12,32,0,bert,0,12,32,16,32411.5,32409.816326530614,45.63751297548164
resnet101,0,6,32,0,bert,0,12,32,64,36621.5,36613.38775510204,54.64050091148865
resnet101,33,35,32,0,bert,0,12,32,64,18269.0,18273.377551020407,94.12827930771427
resnet101,0,34,32,0,bert,0,12,32,32,57994.5,57992.22448979592,66.02512363691797
resnet101,16,35,32,0,bert,0,12,32,64,34318.0,34318.551020408166,30.720305871464205
resnet101,23,35,32,0,bert,0,12,32,16,15598.5,15599.081632653062,51.83641330448336
resnet101,34,35,32,0,bert,0,12,32,64,17445.0,17462.275510204083,77.53811184188712
resnet101,0,35,32,0,bert,11,12,32,32,51111.5,51116.295918367345,36.624461877685945
resnet101,0,3,32,0,bert,0,12,32,32,20415.5,20438.061224489797,64.7716264926289
resnet101,26,35,32,0,bert,0,1,32,8,8713.0,8713.19387755102,38.766874709737905
resnet101,0,29,32,0,bert,0,12,32,16,48702.0,48705.73469387755,45.0098744314496
resnet101,0,35,32,0,bert,5,12,32,64,59784.0,59782.244897959186,36.48344920379533
resnet101,9,35,32,0,bert,0,12,32,16,28889.5,28907.897959183672,92.43348295582761
resnet101,0,10,32,0,bert,1,12,32,8,28436.0,28432.438775510203,35.68943887875258
resnet101,0,4,32,0,bert,0,12,32,32,23521.0,23542.0,80.83404516132332
resnet101,33,35,32,0,bert,0,12,32,16,10682.5,10751.683673469388,281.14687123073617
resnet101,0,18,32,0,bert,0,12,32,8,35889.5,35859.21428571428,103.97774977840017
resnet101,0,5,32,0,bert,11,12,32,64,19342.5,19315.438775510203,71.45586140487616
resnet101,0,12,32,0,bert,0,12,32,32,36546.0,36537.397959183676,73.0413273841539
resnet101,28,35,32,0,bert,0,4,32,8,7156.0,7156.918367346939,60.46784834148417
resnet101,0,25,32,0,bert,4,12,32,64,51846.5,51849.9081632653,35.03324564906938
resnet101,0,22,32,0,bert,6,12,32,16,40036.5,40001.244897959186,100.11860937586445
resnet101,0,35,32,0,bert,4,6,32,64,53105.5,53112.448979591834,55.3159980639951
