model,start,end,bs,seq_len,model,start,end,bs,seq_len,model,start,end,bs,seq_len,model,start,end,bs,seq_len,median,mean,var
resnet101,19,35,8,0,resnet152,41,52,8,0,vgg19,15,17,8,0,bert,0,7,8,64,8023.5,8926.489795918367,1710.2634135633689
resnet101,0,35,8,0,resnet152,11,52,8,0,vgg19,12,22,8,0,bert,2,6,8,8,23601.0,23559.19387755102,3104.0298647382574
resnet101,0,35,8,0,resnet152,3,52,8,0,vgg19,9,22,8,0,bert,10,12,8,8,28167.0,28247.132653061224,4191.903297776962
resnet101,0,6,8,0,resnet152,0,52,8,0,vgg19,0,8,8,0,bert,0,12,8,8,24998.5,25383.469387755104,1266.9708065196667
resnet101,32,35,8,0,resnet152,0,52,8,0,vgg19,0,22,8,0,bert,7,12,8,32,24790.0,25079.683673469386,1172.1493566193858
resnet101,0,35,8,0,resnet152,0,52,8,0,vgg19,0,22,8,0,bert,0,9,8,16,30268.0,30714.85714285714,1331.3689211040014
resnet101,17,35,8,0,resnet152,0,52,8,0,vgg19,0,22,8,0,bert,0,12,8,64,27781.5,28673.081632653062,1684.7818103357333
resnet101,15,35,8,0,resnet152,4,5,8,0,vgg19,0,10,8,0,bert,0,12,8,8,12797.0,13778.183673469388,2061.7675810092637
resnet101,0,35,8,0,resnet152,32,52,8,0,vgg19,0,22,8,0,bert,3,12,8,16,22392.0,23780.918367346938,2256.0543563137467
resnet101,7,9,8,0,resnet152,0,6,8,0,vgg19,7,22,8,0,bert,9,9,8,16,8006.5,8004.969387755102,51.435605487541935
resnet101,28,35,8,0,resnet152,0,22,8,0,vgg19,11,22,8,0,bert,1,12,8,64,13262.5,13353.112244897959,430.900975476256
resnet101,13,35,8,0,resnet152,46,52,8,0,vgg19,0,22,8,0,bert,0,12,8,32,15889.5,16404.30612244898,1309.6083961196207
resnet101,0,5,8,0,resnet152,18,52,8,0,vgg19,0,22,8,0,bert,0,7,8,32,19790.5,19821.581632653062,238.83073689776688
resnet101,0,35,8,0,resnet152,0,37,8,0,vgg19,0,22,8,0,bert,0,12,8,64,28640.0,28721.948979591838,465.02585779430166
resnet101,0,13,8,0,resnet152,0,36,8,0,vgg19,15,22,8,0,bert,0,11,8,8,17670.5,18314.65306122449,1442.3859633914176
resnet101,0,35,8,0,resnet152,0,52,8,0,vgg19,0,10,8,0,bert,0,12,8,64,29162.5,29224.23469387755,341.5148964695692
resnet101,0,5,8,0,resnet152,0,52,8,0,vgg19,0,15,8,0,bert,0,1,8,8,24766.5,26079.11224489796,2885.639708663819
resnet101,0,35,8,0,resnet152,21,51,8,0,vgg19,4,22,8,0,bert,6,11,8,32,20332.0,20795.816326530614,1666.4006999502458
resnet101,0,22,8,0,resnet152,0,52,8,0,vgg19,11,22,8,0,bert,5,8,8,8,24856.0,26061.632653061224,2476.5189088461557
resnet101,0,22,8,0,resnet152,0,31,8,0,vgg19,0,4,8,0,bert,0,12,8,32,18649.5,18829.38775510204,879.3693778539285
resnet101,0,26,8,0,resnet152,0,52,8,0,vgg19,0,12,8,0,bert,0,2,8,16,26119.0,26980.163265306124,1606.1045960162246
resnet101,0,35,8,0,resnet152,15,52,8,0,vgg19,0,22,8,0,bert,2,12,8,16,24661.5,24754.448979591838,535.5038086041694
resnet101,0,35,8,0,resnet152,47,52,8,0,vgg19,0,22,8,0,bert,0,11,8,8,19816.5,20007.73469387755,828.5925557776949
resnet101,0,15,8,0,resnet152,0,30,8,0,vgg19,0,22,8,0,bert,11,11,8,32,21964.0,21973.255102040817,202.42228598087786
resnet101,15,35,8,0,resnet152,0,52,8,0,vgg19,0,17,8,0,bert,0,8,8,8,25133.0,27529.632653061224,3301.9004496413786
resnet101,0,35,8,0,resnet152,0,52,8,0,vgg19,0,22,8,0,bert,0,12,8,32,30814.0,30801.19387755102,119.35230460940768
resnet101,9,35,8,0,resnet152,14,52,8,0,vgg19,5,22,8,0,bert,0,12,8,16,18531.0,20049.836734693876,2318.7147156405663
resnet101,24,35,8,0,resnet152,0,13,8,0,vgg19,6,20,8,0,bert,0,5,8,32,11728.5,11736.959183673469,137.3186312824767
resnet101,24,35,8,0,resnet152,0,7,8,0,vgg19,0,22,8,0,bert,0,12,8,8,15624.0,15700.142857142857,253.0415792242977
resnet101,15,26,8,0,resnet152,0,52,8,0,vgg19,7,7,8,0,bert,3,12,8,32,24736.0,25603.826530612245,2506.6883349718373
resnet101,0,23,8,0,resnet152,0,52,8,0,vgg19,19,22,8,0,bert,4,12,8,32,25560.5,26033.19387755102,1592.8116051028353
resnet101,0,35,8,0,resnet152,0,52,8,0,vgg19,0,19,8,0,bert,0,12,8,8,30077.5,31286.20408163265,3028.836881760038
resnet101,0,20,8,0,resnet152,0,52,8,0,vgg19,0,22,8,0,bert,6,12,8,16,28550.5,28899.785714285714,1024.746203024068
resnet101,0,35,8,0,resnet152,0,21,8,0,vgg19,0,20,8,0,bert,0,0,8,16,24137.5,24141.683673469386,136.8186343779101
resnet101,30,35,8,0,resnet152,17,52,8,0,vgg19,20,22,8,0,bert,0,12,8,64,16652.5,17208.673469387755,1371.705372181518
resnet101,31,31,8,0,resnet152,0,52,8,0,vgg19,7,12,8,0,bert,0,8,8,8,24441.5,24588.102040816328,468.8909296130456
resnet101,22,35,8,0,resnet152,0,52,8,0,vgg19,0,22,8,0,bert,0,12,8,16,26431.5,26305.244897959183,391.67424670916733
resnet101,0,35,8,0,resnet152,0,52,8,0,vgg19,0,2,8,0,bert,0,0,8,16,24941.5,25403.51020408163,1634.8656953195302
resnet101,9,34,8,0,resnet152,0,52,8,0,vgg19,0,22,8,0,bert,0,12,8,64,30138.0,30421.867346938776,1137.951387342265
resnet101,23,35,8,0,resnet152,0,52,8,0,vgg19,0,22,8,0,bert,5,12,8,64,27230.0,28078.73469387755,1825.2028433597675
resnet101,2,35,8,0,resnet152,0,52,8,0,vgg19,0,11,8,0,bert,0,0,8,8,26840.5,28093.377551020407,2260.4875468119617
resnet101,4,27,8,0,resnet152,0,52,8,0,vgg19,4,22,8,0,bert,0,12,8,64,28202.5,29798.5,3377.5941723151323
resnet101,0,35,8,0,resnet152,0,40,8,0,vgg19,0,7,8,0,bert,0,9,8,16,24199.5,24680.897959183672,1622.1041480554484
resnet101,22,35,8,0,resnet152,18,52,8,0,vgg19,0,22,8,0,bert,3,12,8,8,20386.0,20415.469387755104,576.8314259476937
resnet101,0,6,8,0,resnet152,0,52,8,0,vgg19,0,21,8,0,bert,0,11,8,64,29037.5,29019.14285714286,176.1149902646517
resnet101,0,35,8,0,resnet152,0,52,8,0,vgg19,18,18,8,0,bert,7,7,8,64,24567.5,25805.76530612245,2749.927163417689
resnet101,0,35,8,0,resnet152,0,52,8,0,vgg19,0,22,8,0,bert,0,7,8,8,32227.0,32224.673469387755,206.01791954506686
resnet101,0,35,8,0,resnet152,25,32,8,0,vgg19,2,22,8,0,bert,0,12,8,16,19561.5,19944.897959183672,1333.0242544894147
resnet101,0,35,8,0,resnet152,0,52,8,0,vgg19,4,22,8,0,bert,0,12,8,64,30950.5,31075.102040816328,700.1071563725073
resnet101,0,12,8,0,resnet152,0,15,8,0,vgg19,0,5,8,0,bert,0,12,8,32,15637.0,15659.734693877552,221.32419434037593
resnet101,0,35,8,0,resnet152,0,29,8,0,vgg19,4,22,8,0,bert,0,2,8,32,23639.5,23782.397959183672,607.3472721396112
resnet101,0,16,8,0,resnet152,49,50,8,0,vgg19,3,22,8,0,bert,0,5,8,32,13431.0,13518.091836734693,454.1169517335027
resnet101,0,35,8,0,resnet152,0,52,8,0,vgg19,0,22,8,0,bert,0,11,8,16,32687.0,32750.571428571428,512.6913978093987
resnet101,0,35,8,0,resnet152,0,52,8,0,vgg19,0,4,8,0,bert,0,12,8,64,28284.0,30903.61224489796,3745.0521034839085
resnet101,22,35,8,0,resnet152,12,15,8,0,vgg19,0,21,8,0,bert,9,12,8,16,13431.5,13428.877551020409,68.30383281834168
resnet101,31,32,8,0,resnet152,0,52,8,0,vgg19,4,22,8,0,bert,0,1,8,32,24799.0,26334.367346938776,2664.9486206624156
resnet101,29,29,8,0,resnet152,0,52,8,0,vgg19,0,22,8,0,bert,0,6,8,32,24965.5,24987.755102040817,334.14514936074727
resnet101,8,35,8,0,resnet152,0,52,8,0,vgg19,0,2,8,0,bert,6,12,8,64,24683.0,24812.622448979593,430.6207317327908
resnet101,0,35,8,0,resnet152,0,52,8,0,vgg19,21,21,8,0,bert,0,12,8,64,24745.0,24883.632653061224,404.62182867450446
resnet101,5,35,8,0,resnet152,27,52,8,0,vgg19,16,22,8,0,bert,0,12,8,16,17287.5,17593.071428571428,2265.217420974356
resnet101,0,35,8,0,resnet152,0,33,8,0,vgg19,17,22,8,0,bert,0,12,8,32,20129.5,20743.969387755104,1827.1137463004413
resnet101,12,30,8,0,resnet152,10,52,8,0,vgg19,16,18,8,0,bert,0,12,8,32,21045.0,22300.428571428572,2415.021739032591
resnet101,0,35,8,0,resnet152,0,52,8,0,vgg19,0,9,8,0,bert,0,12,8,16,29561.0,29655.85714285714,807.032255380471
resnet101,0,35,8,0,resnet152,0,3,8,0,vgg19,0,22,8,0,bert,0,12,8,64,24802.5,24817.591836734693,215.02177567631088
resnet101,10,35,8,0,resnet152,0,19,8,0,vgg19,0,19,8,0,bert,10,12,8,64,21371.0,21432.071428571428,278.2622551713783
resnet101,0,35,8,0,resnet152,11,52,8,0,vgg19,0,22,8,0,bert,0,12,8,8,28462.0,28472.336734693876,188.86686509865862
resnet101,0,0,8,0,resnet152,0,52,8,0,vgg19,0,22,8,0,bert,0,12,8,8,25272.5,25301.755102040817,264.7630462078016
resnet101,30,35,8,0,resnet152,49,52,8,0,vgg19,0,7,8,0,bert,11,12,8,8,6862.5,6863.857142857143,59.45895514503072
resnet101,0,35,8,0,resnet152,35,52,8,0,vgg19,0,22,8,0,bert,0,12,8,16,24326.0,24309.918367346938,212.7873170931524
resnet101,8,35,8,0,resnet152,49,50,8,0,vgg19,0,16,8,0,bert,1,12,8,8,16254.0,16298.163265306122,318.0004394130436
resnet101,8,35,8,0,resnet152,14,52,8,0,vgg19,0,18,8,0,bert,6,12,8,16,23368.0,23369.724489795917,217.8172694476672
resnet101,0,35,8,0,resnet152,0,52,8,0,vgg19,0,3,8,0,bert,0,12,8,32,26617.0,26931.48979591837,1169.4532495816586
resnet101,0,7,8,0,resnet152,0,52,8,0,vgg19,20,22,8,0,bert,6,8,8,32,24566.5,25127.397959183672,1686.1619547204994
resnet101,0,35,8,0,resnet152,0,52,8,0,vgg19,0,1,8,0,bert,0,10,8,32,24820.5,25581.275510204083,2012.417055107108
resnet101,0,27,8,0,resnet152,0,52,8,0,vgg19,0,15,8,0,bert,0,6,8,16,29954.5,29940.275510204083,177.2558269162402
resnet101,0,35,8,0,resnet152,0,52,8,0,vgg19,12,22,8,0,bert,0,11,8,64,27090.5,27104.438775510203,255.80956191246554
resnet101,0,35,8,0,resnet152,0,24,8,0,vgg19,0,22,8,0,bert,0,2,8,8,26479.5,26485.673469387755,155.36335130518935
resnet101,9,23,8,0,resnet152,1,52,8,0,vgg19,0,22,8,0,bert,8,12,8,8,26350.0,26490.918367346938,723.3524936507814
resnet101,0,35,8,0,resnet152,11,52,8,0,vgg19,0,22,8,0,bert,0,12,8,16,28945.0,28802.183673469386,461.6116697084199
resnet101,22,27,8,0,resnet152,43,52,8,0,vgg19,0,22,8,0,bert,3,12,8,8,14080.0,14072.755102040815,81.13594804897465
resnet101,34,35,8,0,resnet152,8,27,8,0,vgg19,0,22,8,0,bert,4,12,8,32,16156.0,16178.234693877552,318.6709582196994
resnet101,0,35,8,0,resnet152,19,52,8,0,vgg19,3,16,8,0,bert,0,7,8,64,23630.0,23613.0,280.6274311289629
resnet101,0,35,8,0,resnet152,0,52,8,0,vgg19,0,22,8,0,bert,0,5,8,32,33726.0,33733.36734693877,210.81326429607162
resnet101,0,23,8,0,resnet152,50,52,8,0,vgg19,0,22,8,0,bert,10,12,8,8,18155.0,18153.438775510203,377.3231729748476
resnet101,19,29,8,0,resnet152,0,1,8,0,vgg19,11,17,8,0,bert,2,12,8,8,10106.5,10386.826530612245,1043.2947910005012
resnet101,0,35,8,0,resnet152,0,52,8,0,vgg19,0,18,8,0,bert,0,0,8,16,31736.5,31843.622448979593,655.2662882184885
resnet101,0,29,8,0,resnet152,0,52,8,0,vgg19,21,22,8,0,bert,0,12,8,32,24725.5,25537.020408163266,2106.477536511701
resnet101,0,35,8,0,resnet152,0,52,8,0,vgg19,2,6,8,0,bert,0,0,8,16,24784.5,25115.479591836734,1203.9436408735392
resnet101,0,35,8,0,resnet152,26,52,8,0,vgg19,0,22,8,0,bert,5,12,8,64,26153.0,26161.071428571428,255.1731405000398
resnet101,0,35,8,0,resnet152,0,52,8,0,vgg19,0,22,8,0,bert,2,12,8,32,33381.5,33393.82653061225,205.68045483275324
resnet101,0,35,8,0,resnet152,0,3,8,0,vgg19,0,21,8,0,bert,0,0,8,64,21511.5,21636.122448979593,582.548084470744
resnet101,0,4,8,0,resnet152,0,52,8,0,vgg19,0,17,8,0,bert,0,12,8,16,28395.5,29021.38775510204,2740.4526053736167
resnet101,0,35,8,0,resnet152,20,37,8,0,vgg19,0,22,8,0,bert,0,12,8,64,25890.5,25924.469387755104,290.66630717046473
resnet101,0,15,8,0,resnet152,27,52,8,0,vgg19,0,9,8,0,bert,0,7,8,8,16930.5,16926.602040816328,146.06838905645998
resnet101,3,11,8,0,resnet152,38,52,8,0,vgg19,3,22,8,0,bert,0,12,8,32,14664.0,14623.530612244898,209.99466485359122
resnet101,0,19,8,0,resnet152,21,52,8,0,vgg19,14,22,8,0,bert,3,9,8,8,14976.0,15816.448979591836,1532.805491890066
resnet101,15,35,8,0,resnet152,13,25,8,0,vgg19,11,12,8,0,bert,0,12,8,16,11968.5,12349.765306122448,1119.2742528451413
resnet101,0,35,8,0,resnet152,0,52,8,0,vgg19,0,1,8,0,bert,0,12,8,64,25988.0,25996.448979591838,182.46593880910865
resnet101,0,29,8,0,resnet152,0,52,8,0,vgg19,0,14,8,0,bert,0,12,8,64,35968.5,34686.88775510204,1976.6679646574748
resnet101,0,11,8,0,resnet152,0,52,8,0,vgg19,0,17,8,0,bert,0,3,16,32,28747.0,29241.602040816328,1327.4947768050972
resnet101,31,35,8,0,resnet152,17,52,8,0,vgg19,0,22,8,0,bert,0,12,16,8,19855.0,19902.30612244898,232.4055396510049
resnet101,0,25,8,0,resnet152,0,25,8,0,vgg19,0,21,8,0,bert,0,12,16,32,26748.0,26752.051020408162,151.19128122800907
resnet101,13,35,8,0,resnet152,0,52,8,0,vgg19,1,22,8,0,bert,0,9,16,8,28016.0,28012.80612244898,200.5945579950002
resnet101,30,35,8,0,resnet152,0,22,8,0,vgg19,0,22,8,0,bert,1,12,16,8,19316.5,19289.714285714286,234.83993680455492
resnet101,25,26,8,0,resnet152,0,51,8,0,vgg19,0,22,8,0,bert,0,2,16,32,25339.5,25793.69387755102,1539.148587913721
resnet101,0,35,8,0,resnet152,0,52,8,0,vgg19,0,22,8,0,bert,8,10,16,8,32711.5,32695.70408163265,206.50958416181854
resnet101,10,33,8,0,resnet152,48,51,8,0,vgg19,0,22,8,0,bert,0,2,16,8,16659.5,16652.54081632653,114.26036936530915
resnet101,0,25,8,0,resnet152,0,52,8,0,vgg19,0,22,8,0,bert,0,12,16,64,36475.0,36470.63265306123,160.870868975082
resnet101,0,35,8,0,resnet152,27,52,8,0,vgg19,11,22,8,0,bert,5,12,16,8,18095.0,18744.326530612245,1167.0866989069468
resnet101,31,35,8,0,resnet152,0,52,8,0,vgg19,0,22,8,0,bert,0,8,16,16,26358.5,26969.673469387755,1902.9918376582928
resnet101,15,35,8,0,resnet152,18,52,8,0,vgg19,13,22,8,0,bert,0,12,16,32,17539.0,17415.581632653062,589.4405497617694
resnet101,8,35,8,0,resnet152,35,52,8,0,vgg19,0,22,8,0,bert,7,12,16,16,20253.5,20291.918367346938,333.46641581869545
resnet101,0,35,8,0,resnet152,51,52,8,0,vgg19,7,22,8,0,bert,0,12,16,16,17043.0,17451.275510204083,1183.8503402777565
resnet101,0,35,8,0,resnet152,0,52,8,0,vgg19,0,12,8,0,bert,0,12,16,16,31476.5,31774.091836734693,1135.3282370538172
resnet101,0,31,8,0,resnet152,0,21,8,0,vgg19,0,22,8,0,bert,0,12,16,16,27137.0,27129.95918367347,155.54833347970398
resnet101,0,35,8,0,resnet152,0,5,8,0,vgg19,14,22,8,0,bert,0,1,16,32,16866.0,17327.19387755102,1388.289445634618
resnet101,0,35,8,0,resnet152,0,52,8,0,vgg19,0,22,8,0,bert,0,12,16,64,38475.0,38497.163265306124,222.49956174584455
resnet101,0,35,8,0,resnet152,3,52,8,0,vgg19,4,22,8,0,bert,6,12,16,16,28057.5,28061.34693877551,164.2218572815332
resnet101,0,15,8,0,resnet152,31,52,8,0,vgg19,0,18,8,0,bert,0,4,16,32,19921.5,19916.448979591838,147.0595549532243
resnet101,0,32,8,0,resnet152,0,52,8,0,vgg19,0,13,8,0,bert,0,1,16,16,30407.0,30396.938775510203,152.49287814260344
resnet101,30,34,8,0,resnet152,0,16,8,0,vgg19,0,0,8,0,bert,0,12,16,8,11932.5,12005.183673469388,565.7169434811085
resnet101,18,35,8,0,resnet152,0,44,8,0,vgg19,0,5,8,0,bert,2,9,16,64,23576.5,23607.061224489797,435.4808230817633
resnet101,0,35,8,0,resnet152,13,52,8,0,vgg19,21,22,8,0,bert,0,12,16,64,22691.0,22702.632653061224,111.99903313677984
resnet101,21,27,8,0,resnet152,0,0,8,0,vgg19,9,22,8,0,bert,6,9,16,8,5554.0,5548.275510204082,47.535761105964895
resnet101,0,7,8,0,resnet152,0,52,8,0,vgg19,0,22,8,0,bert,0,2,16,64,29394.0,29407.23469387755,179.04906413540238
resnet101,0,35,8,0,resnet152,0,25,8,0,vgg19,0,22,8,0,bert,10,10,16,16,26907.5,26907.897959183672,175.9498125217737
resnet101,0,19,8,0,resnet152,0,43,8,0,vgg19,0,9,8,0,bert,0,12,16,32,26712.0,26775.38775510204,613.7835926656664
resnet101,0,35,8,0,resnet152,0,52,8,0,vgg19,0,18,8,0,bert,0,12,16,64,37081.0,37087.58163265306,205.1736409189706
resnet101,0,35,8,0,resnet152,0,16,8,0,vgg19,0,19,8,0,bert,0,5,16,16,25607.0,25608.214285714286,170.75798902636015
resnet101,0,35,8,0,resnet152,1,52,8,0,vgg19,0,22,8,0,bert,0,12,16,8,32642.5,32826.0,728.7011929257619
resnet101,0,35,8,0,resnet152,14,28,8,0,vgg19,0,22,8,0,bert,0,12,16,8,23859.0,23976.571428571428,647.1015281662548
resnet101,0,35,8,0,resnet152,0,49,8,0,vgg19,18,22,8,0,bert,0,12,16,64,27846.0,27987.091836734693,352.184091666783
resnet101,0,35,8,0,resnet152,35,47,8,0,vgg19,12,13,8,0,bert,10,12,16,64,16787.5,17149.755102040817,1054.7374570433608
resnet101,0,35,8,0,resnet152,5,25,8,0,vgg19,0,22,8,0,bert,2,3,16,8,24514.5,24504.64285714286,177.3218134077251
resnet101,32,33,8,0,resnet152,0,3,8,0,vgg19,0,9,8,0,bert,0,12,16,32,12761.5,12886.857142857143,588.3322676369681
resnet101,0,35,8,0,resnet152,0,52,8,0,vgg19,0,22,8,0,bert,0,10,16,32,35663.5,35641.663265306124,204.72499941447344
resnet101,11,28,8,0,resnet152,38,52,8,0,vgg19,0,16,8,0,bert,1,3,16,8,15870.5,15864.969387755102,172.61857528168343
resnet101,0,27,8,0,resnet152,5,52,8,0,vgg19,0,22,8,0,bert,0,2,16,8,29179.5,29219.163265306124,264.44013611654674
resnet101,0,3,8,0,resnet152,0,31,8,0,vgg19,15,16,8,0,bert,6,12,16,8,15246.0,16184.857142857143,2036.5139482027837
resnet101,15,29,8,0,resnet152,23,52,8,0,vgg19,0,3,8,0,bert,0,12,16,64,17384.0,17360.01020408163,105.79798760652777
resnet101,25,35,8,0,resnet152,48,52,8,0,vgg19,0,1,8,0,bert,9,12,16,64,5755.0,5990.510204081633,910.2634205513456
resnet101,0,35,8,0,resnet152,0,19,8,0,vgg19,0,12,8,0,bert,0,9,16,8,24146.5,24152.64285714286,224.7142516574309
resnet101,32,35,8,0,resnet152,0,52,8,0,vgg19,1,22,8,0,bert,0,12,16,16,25732.5,27398.448979591838,2527.8510157050396
resnet101,0,35,8,0,resnet152,0,52,8,0,vgg19,0,22,8,0,bert,0,12,16,16,34242.0,34293.56122448979,280.2191950455393
resnet101,0,35,8,0,resnet152,0,24,8,0,vgg19,17,22,8,0,bert,0,12,16,64,23165.5,23200.897959183672,351.3981836396182
resnet101,0,35,8,0,resnet152,0,16,8,0,vgg19,0,22,8,0,bert,0,12,16,16,27313.5,27309.918367346938,168.43533692151732
resnet101,25,34,8,0,resnet152,29,52,8,0,vgg19,8,22,8,0,bert,0,6,16,64,14509.5,14504.84693877551,106.35456219077851
resnet101,0,35,8,0,resnet152,0,40,8,0,vgg19,0,22,8,0,bert,0,12,16,8,30909.0,30897.255102040817,196.17138026010025
resnet101,3,35,8,0,resnet152,0,52,8,0,vgg19,10,22,8,0,bert,0,12,16,8,25803.0,27516.98979591837,3031.2561735511226
resnet101,0,35,8,0,resnet152,0,3,8,0,vgg19,1,22,8,0,bert,4,10,16,64,24145.0,24105.683673469386,272.5967567199961
resnet101,0,12,8,0,resnet152,49,52,8,0,vgg19,0,21,8,0,bert,0,6,16,8,15510.0,15487.65306122449,132.6598459803375
resnet101,0,26,8,0,resnet152,0,24,8,0,vgg19,0,20,8,0,bert,0,12,16,8,25359.0,25347.897959183672,155.45578082449504
resnet101,0,35,8,0,resnet152,0,52,8,0,vgg19,0,22,8,0,bert,0,10,16,8,33671.5,33710.36734693877,518.895557651156
resnet101,0,34,8,0,resnet152,0,52,8,0,vgg19,0,2,8,0,bert,0,12,16,8,29820.0,28506.438775510203,2465.6020462218135
resnet101,0,35,8,0,resnet152,0,17,8,0,vgg19,1,22,8,0,bert,0,12,16,32,27599.5,27599.081632653062,176.60365363991508
resnet101,27,35,8,0,resnet152,0,52,8,0,vgg19,7,22,8,0,bert,11,12,16,16,24457.5,26198.091836734693,3286.859813004127
resnet101,0,35,8,0,resnet152,51,52,8,0,vgg19,18,22,8,0,bert,0,12,16,32,16636.0,17177.88775510204,1702.7575407271358
resnet101,34,35,8,0,resnet152,0,29,8,0,vgg19,12,19,8,0,bert,0,12,16,64,16229.0,16481.561224489797,1149.6335446862572
resnet101,24,35,8,0,resnet152,15,52,8,0,vgg19,20,22,8,0,bert,0,12,16,64,17609.0,18307.561224489797,1801.6399845714636
resnet101,6,35,8,0,resnet152,40,52,8,0,vgg19,0,13,8,0,bert,6,12,16,16,17884.5,17870.571428571428,195.9805279790285
resnet101,26,34,8,0,resnet152,51,52,8,0,vgg19,1,6,8,0,bert,0,5,16,16,6364.0,6500.285714285715,684.1389642820964
resnet101,0,35,8,0,resnet152,0,31,8,0,vgg19,0,6,8,0,bert,11,11,16,8,22225.0,22259.908163265307,127.32499688325261
resnet101,13,35,8,0,resnet152,0,43,8,0,vgg19,0,22,8,0,bert,0,9,16,8,26997.5,27063.34693877551,366.6904968087019
resnet101,0,35,8,0,resnet152,0,40,8,0,vgg19,0,20,8,0,bert,0,12,16,32,31942.5,31946.724489795917,164.08134994645155
resnet101,0,35,8,0,resnet152,0,38,8,0,vgg19,0,22,8,0,bert,0,12,16,64,34705.5,34730.0,190.75248413607
resnet101,0,21,8,0,resnet152,0,52,8,0,vgg19,0,22,8,0,bert,0,1,16,64,30872.5,30875.88775510204,171.61822144427185
resnet101,0,8,8,0,resnet152,29,37,8,0,vgg19,0,22,8,0,bert,1,5,16,16,15853.5,15885.214285714286,142.99252513644885
resnet101,0,35,8,0,resnet152,0,52,8,0,vgg19,0,22,8,0,bert,5,12,16,64,35850.5,35857.9693877551,198.17115124391702
resnet101,0,23,8,0,resnet152,0,52,8,0,vgg19,19,19,8,0,bert,6,12,16,32,24788.5,26466.551020408162,2817.7173389995946
resnet101,0,27,8,0,resnet152,0,9,8,0,vgg19,0,22,8,0,bert,0,12,16,8,23216.5,23286.48979591837,452.37990276590426
resnet101,0,35,8,0,resnet152,0,52,8,0,vgg19,0,13,8,0,bert,0,8,16,16,31264.0,31340.928571428572,706.4421383934845
resnet101,0,15,8,0,resnet152,0,52,8,0,vgg19,14,15,8,0,bert,0,9,16,32,24630.5,25392.020408163266,1839.8900254379214
resnet101,0,35,8,0,resnet152,0,32,8,0,vgg19,9,22,8,0,bert,5,12,16,8,22199.5,22388.244897959183,966.0122116651601
resnet101,33,34,8,0,resnet152,0,2,8,0,vgg19,0,22,8,0,bert,0,11,16,16,14190.5,14263.908163265307,558.4820733558882
resnet101,0,6,8,0,resnet152,0,5,8,0,vgg19,8,22,8,0,bert,0,8,16,16,11930.5,11963.948979591836,297.83471558077514
resnet101,32,32,8,0,resnet152,0,52,8,0,vgg19,16,18,8,0,bert,0,5,16,8,24536.5,25689.673469387755,2687.395711409894
resnet101,0,35,8,0,resnet152,0,52,8,0,vgg19,0,22,8,0,bert,10,12,16,64,33866.5,33906.857142857145,525.2980495074454
resnet101,0,35,8,0,resnet152,12,18,8,0,vgg19,5,22,8,0,bert,0,11,16,64,22163.0,22221.275510204083,502.2388199426572
resnet101,13,35,8,0,resnet152,50,52,8,0,vgg19,0,22,8,0,bert,10,10,16,32,15731.5,15734.397959183674,132.8094184479705
resnet101,0,28,8,0,resnet152,0,52,8,0,vgg19,0,0,8,0,bert,0,12,16,16,24570.5,25246.76530612245,2436.195921383944
resnet101,0,35,8,0,resnet152,0,52,8,0,vgg19,0,22,8,0,bert,9,11,16,8,33111.0,33159.989795918365,533.9634913549412
resnet101,0,35,8,0,resnet152,0,52,8,0,vgg19,7,22,8,0,bert,0,12,16,32,30494.5,30572.173469387755,557.5816408696596
resnet101,4,21,8,0,resnet152,30,36,8,0,vgg19,0,22,8,0,bert,0,12,16,32,18947.0,18910.520408163266,147.93864072730142
resnet101,0,19,8,0,resnet152,0,39,8,0,vgg19,0,22,8,0,bert,0,12,16,64,32926.5,32917.41836734694,177.8297697506785
resnet101,0,35,8,0,resnet152,28,52,8,0,vgg19,0,22,8,0,bert,0,12,16,16,26147.5,26142.775510204083,208.15146225041175
resnet101,15,35,8,0,resnet152,1,52,8,0,vgg19,0,22,8,0,bert,0,11,16,16,29126.5,29149.918367346938,232.2658431787561
resnet101,28,35,8,0,resnet152,3,52,8,0,vgg19,0,22,8,0,bert,9,12,16,64,26035.0,26057.51020408163,190.99889116560064
resnet101,0,35,8,0,resnet152,42,52,8,0,vgg19,0,22,8,0,bert,0,7,16,64,25923.0,25924.622448979593,233.6039520958899
resnet101,17,35,8,0,resnet152,0,52,8,0,vgg19,0,22,8,0,bert,0,12,16,8,29223.5,29272.551020408162,304.6957372443486
resnet101,10,15,8,0,resnet152,0,19,8,0,vgg19,0,21,8,0,bert,0,12,16,32,19975.5,20003.948979591838,156.95010076967722
resnet101,0,34,8,0,resnet152,48,48,8,0,vgg19,2,22,8,0,bert,0,4,16,16,18951.0,19345.714285714286,957.592847312724
resnet101,0,35,8,0,resnet152,0,52,8,0,vgg19,0,12,8,0,bert,0,12,16,32,32720.0,32815.0306122449,683.3639251269643
resnet101,0,12,8,0,resnet152,0,43,8,0,vgg19,0,22,8,0,bert,0,12,16,32,29831.5,29889.35714285714,453.9862950821853
resnet101,0,35,8,0,resnet152,0,52,8,0,vgg19,0,12,8,0,bert,0,1,16,16,30150.0,30164.377551020407,172.23545318191026
resnet101,0,35,8,0,resnet152,2,48,8,0,vgg19,7,15,8,0,bert,4,6,16,8,24229.5,24441.76530612245,641.0215348832596
resnet101,10,14,8,0,resnet152,0,52,8,0,vgg19,0,22,8,0,bert,0,12,16,64,31030.5,31029.20408163265,151.7328451913787
resnet101,23,35,8,0,resnet152,24,37,8,0,vgg19,0,0,8,0,bert,10,12,32,64,7326.5,7835.234693877551,1193.8624318334478
resnet101,0,35,8,0,resnet152,0,52,8,0,vgg19,0,22,8,0,bert,0,12,32,64,44642.5,44606.295918367345,240.9286544061385
resnet101,0,35,8,0,resnet152,0,48,8,0,vgg19,0,22,8,0,bert,0,3,32,32,33349.5,33376.11224489796,186.34129772494765
resnet101,0,35,8,0,resnet152,15,45,8,0,vgg19,4,22,8,0,bert,4,12,32,16,23809.0,23804.69387755102,232.1029595676596
resnet101,9,35,8,0,resnet152,0,52,8,0,vgg19,17,22,8,0,bert,0,12,32,8,24661.0,25929.530612244896,2843.5955258033823
resnet101,0,35,8,0,resnet152,0,52,8,0,vgg19,10,22,8,0,bert,0,12,32,8,27245.0,27628.622448979593,1005.7293679399343
resnet101,23,30,8,0,resnet152,0,52,8,0,vgg19,0,22,8,0,bert,0,9,32,8,27465.5,27489.408163265307,215.21113680000127
resnet101,0,0,8,0,resnet152,0,52,8,0,vgg19,0,1,8,0,bert,0,0,32,32,24119.0,24171.34693877551,343.0055661487088
resnet101,0,7,8,0,resnet152,2,52,8,0,vgg19,16,22,8,0,bert,4,12,32,8,23648.0,24545.65306122449,2358.9403713430006
resnet101,18,35,8,0,resnet152,0,13,8,0,vgg19,21,22,8,0,bert,4,12,32,8,9798.5,10065.897959183674,948.4029270498121
resnet101,0,35,8,0,resnet152,18,26,8,0,vgg19,0,4,8,0,bert,4,12,32,64,22898.5,22910.183673469386,261.7453329579749
resnet101,8,35,8,0,resnet152,0,52,8,0,vgg19,7,22,8,0,bert,6,8,32,16,25114.0,26523.030612244896,2633.819363175539
resnet101,0,27,8,0,resnet152,34,49,8,0,vgg19,0,22,8,0,bert,0,12,32,8,22647.0,22622.479591836734,287.14513963527213
resnet101,0,4,8,0,resnet152,41,52,8,0,vgg19,0,22,8,0,bert,6,11,32,64,19820.5,19787.326530612245,120.69270944200873
resnet101,0,35,8,0,resnet152,44,52,8,0,vgg19,0,1,8,0,bert,5,12,32,32,16639.5,16663.448979591838,196.38717082922116
resnet101,15,35,8,0,resnet152,0,29,8,0,vgg19,4,22,8,0,bert,0,12,32,64,30585.0,30582.29591836735,151.6174838595856
resnet101,0,35,8,0,resnet152,0,52,8,0,vgg19,0,22,8,0,bert,0,12,32,32,37822.5,37847.47959183674,197.165745544605
resnet101,0,35,8,0,resnet152,0,52,8,0,vgg19,18,22,8,0,bert,0,8,32,8,24541.0,24602.571428571428,286.8287194227843
resnet101,18,35,8,0,resnet152,44,52,8,0,vgg19,0,22,8,0,bert,9,11,32,32,16577.0,16592.683673469386,151.7643579556455
resnet101,0,35,8,0,resnet152,28,52,8,0,vgg19,15,22,8,0,bert,0,7,32,32,18700.0,18827.479591836734,462.68341602121194
resnet101,31,35,8,0,resnet152,0,52,8,0,vgg19,0,22,8,0,bert,0,12,32,64,36934.5,36912.948979591834,175.10220761373532
resnet101,0,35,8,0,resnet152,0,52,8,0,vgg19,15,22,8,0,bert,0,10,32,16,26065.5,26841.38775510204,1849.774970498497
resnet101,0,35,8,0,resnet152,0,52,8,0,vgg19,0,22,8,0,bert,0,6,32,8,33720.0,33705.69387755102,195.83866788779645
resnet101,0,21,8,0,resnet152,0,15,8,0,vgg19,0,22,8,0,bert,0,12,32,8,23806.0,23782.285714285714,174.34009690187483
resnet101,0,35,8,0,resnet152,5,52,8,0,vgg19,12,22,8,0,bert,0,12,32,32,27722.0,27727.683673469386,160.0370873431566
resnet101,0,32,8,0,resnet152,0,32,8,0,vgg19,0,20,8,0,bert,9,12,32,64,30304.5,30324.438775510203,185.0740098141949
resnet101,33,33,8,0,resnet152,18,32,8,0,vgg19,0,22,8,0,bert,1,12,32,64,24333.0,24345.659793814433,174.72345670117383
resnet101,0,35,8,0,resnet152,11,52,8,0,vgg19,0,22,8,0,bert,0,12,32,8,29581.5,29568.785714285714,170.0315246880857
resnet101,0,35,8,0,resnet152,0,52,8,0,vgg19,0,22,8,0,bert,0,12,32,16,35650.5,35673.948979591834,214.2401081206089
resnet101,0,35,8,0,resnet152,14,52,8,0,vgg19,12,22,8,0,bert,0,12,32,8,20976.5,21222.23469387755,952.4530284740534
resnet101,6,25,8,0,resnet152,0,52,8,0,vgg19,0,22,8,0,bert,5,12,32,32,31784.5,31913.561224489797,775.7644428184097
resnet101,6,10,8,0,resnet152,31,51,8,0,vgg19,0,22,8,0,bert,0,12,32,64,27478.0,27500.0,168.69511201077088
resnet101,0,35,8,0,resnet152,0,52,8,0,vgg19,17,22,8,0,bert,4,12,32,32,27066.5,27703.877551020407,1658.1965077986492
resnet101,0,9,8,0,resnet152,28,52,8,0,vgg19,3,10,8,0,bert,11,12,32,8,13572.0,14158.479591836734,1819.8720645188662
resnet101,0,35,8,0,resnet152,0,52,8,0,vgg19,0,22,8,0,bert,0,2,32,64,34874.0,34869.21428571428,160.03311200740774
resnet101,0,22,8,0,resnet152,0,33,8,0,vgg19,12,20,8,0,bert,0,12,32,16,21066.0,21041.183673469386,159.7196106279961
resnet101,0,35,8,0,resnet152,0,13,8,0,vgg19,5,19,8,0,bert,4,8,32,64,24237.0,24243.34693877551,213.11992896789818
resnet101,14,35,8,0,resnet152,0,52,8,0,vgg19,12,22,8,0,bert,0,12,32,64,32648.0,32687.45918367347,332.4688160416702
resnet101,0,35,8,0,resnet152,0,52,8,0,vgg19,6,22,8,0,bert,0,12,32,64,40000.5,39972.91836734694,188.99209968745575
resnet101,0,35,8,0,resnet152,0,52,8,0,vgg19,9,9,8,0,bert,0,6,32,64,28388.5,28393.663265306124,180.04760956976563
resnet101,15,35,8,0,resnet152,35,52,8,0,vgg19,15,19,8,0,bert,0,12,32,16,11998.0,12212.795918367347,904.2659212365967
resnet101,25,35,8,0,resnet152,0,52,8,0,vgg19,0,22,8,0,bert,6,12,32,32,29871.0,29945.030612244896,564.3159206034895
resnet101,32,35,8,0,resnet152,18,52,8,0,vgg19,20,21,8,0,bert,0,12,32,8,16322.5,17226.724489795917,1766.6321630730974
resnet101,21,35,8,0,resnet152,39,52,8,0,vgg19,6,22,8,0,bert,0,12,32,16,14317.5,14445.316326530612,558.9816468992333
resnet101,0,15,8,0,resnet152,0,9,8,0,vgg19,0,22,8,0,bert,3,12,32,16,21682.0,21642.051020408162,141.31989854032787
resnet101,21,35,8,0,resnet152,16,52,8,0,vgg19,0,21,8,0,bert,0,4,32,32,22824.5,22827.377551020407,295.3962580872711
resnet101,0,28,8,0,resnet152,0,52,8,0,vgg19,0,22,8,0,bert,0,12,32,64,43485.0,43459.23469387755,233.7842979757373
resnet101,0,35,8,0,resnet152,10,52,8,0,vgg19,7,22,8,0,bert,1,12,32,8,24572.0,24655.571428571428,619.9372911012525
resnet101,2,35,8,0,resnet152,0,52,8,0,vgg19,0,19,8,0,bert,4,12,32,32,34643.5,34664.051020408166,173.19567631692522
resnet101,11,35,8,0,resnet152,0,52,8,0,vgg19,0,22,8,0,bert,10,12,32,8,29337.0,29370.29591836735,288.548804246907
resnet101,7,24,8,0,resnet152,0,52,8,0,vgg19,0,6,8,0,bert,0,3,32,32,24978.0,26471.48979591837,2843.730290337252
resnet101,0,35,8,0,resnet152,0,52,8,0,vgg19,0,22,8,0,bert,0,7,32,16,34529.0,34552.82653061225,391.6068943523465
resnet101,0,35,8,0,resnet152,44,52,8,0,vgg19,0,22,8,0,bert,0,12,32,32,27439.0,27411.34693877551,213.5553793320349
resnet101,1,35,8,0,resnet152,0,29,8,0,vgg19,0,22,8,0,bert,0,10,32,8,28448.5,28455.336734693876,170.81819574477726
resnet101,25,35,8,0,resnet152,0,52,8,0,vgg19,0,22,8,0,bert,8,12,32,64,31036.5,31086.132653061224,656.7151657558835
resnet101,0,1,8,0,resnet152,0,49,8,0,vgg19,2,22,8,0,bert,0,12,32,8,23549.0,24356.163265306124,2380.39058574247
resnet101,0,35,8,0,resnet152,19,52,8,0,vgg19,4,22,8,0,bert,10,12,32,64,24103.5,24130.38775510204,167.63021941853853
resnet101,0,35,8,0,resnet152,40,52,8,0,vgg19,0,22,8,0,bert,0,12,32,64,33734.5,33763.13265306123,187.92153365521634
resnet101,0,35,8,0,resnet152,0,40,8,0,vgg19,0,2,8,0,bert,0,12,32,64,33585.5,33540.4693877551,179.46190568893084
resnet101,0,23,8,0,resnet152,0,52,8,0,vgg19,21,22,8,0,bert,0,12,32,64,32278.5,32258.26530612245,135.02309334002967
resnet101,23,35,8,0,resnet152,45,52,8,0,vgg19,0,22,8,0,bert,0,11,32,8,15901.0,15973.397959183674,264.0126674371206
resnet101,0,0,8,0,resnet152,3,52,8,0,vgg19,0,22,8,0,bert,0,12,32,16,25346.5,25318.938775510203,222.3531304454893
resnet101,0,35,8,0,resnet152,41,52,8,0,vgg19,0,22,8,0,bert,0,12,32,32,27617.5,27684.928571428572,344.5696887541957
resnet101,0,19,8,0,resnet152,0,52,8,0,vgg19,19,22,8,0,bert,7,12,32,64,26265.5,27166.102040816328,1819.6382937825629
resnet101,0,35,8,0,resnet152,0,51,8,0,vgg19,0,22,8,0,bert,0,12,32,8,34980.0,34962.36734693877,233.36523829392772
resnet101,0,5,8,0,resnet152,51,52,8,0,vgg19,0,11,8,0,bert,5,5,32,16,10140.5,10131.418367346938,58.23298095412798
resnet101,0,35,8,0,resnet152,0,30,8,0,vgg19,0,22,8,0,bert,0,12,32,8,29790.0,29765.876288659794,136.24434218703735
resnet101,0,35,8,0,resnet152,0,1,8,0,vgg19,0,18,8,0,bert,11,12,32,32,21279.5,21449.19387755102,1053.198497272187
resnet101,18,35,8,0,resnet152,23,52,8,0,vgg19,0,2,8,0,bert,0,12,32,16,16814.0,16678.969387755104,757.6400450335243
resnet101,19,35,8,0,resnet152,0,43,8,0,vgg19,0,1,8,0,bert,0,12,32,16,20872.0,20874.88775510204,169.17898278867094
resnet101,0,35,8,0,resnet152,31,52,8,0,vgg19,0,22,8,0,bert,7,12,32,16,25375.0,25371.88775510204,245.27976041750904
resnet101,5,35,8,0,resnet152,6,52,8,0,vgg19,10,22,8,0,bert,0,12,32,8,22280.5,23747.377551020407,2272.0197232333503
resnet101,18,27,8,0,resnet152,0,52,8,0,vgg19,0,22,8,0,bert,10,11,32,32,27033.0,27019.744897959183,209.92857440453457
resnet101,21,35,8,0,resnet152,43,46,8,0,vgg19,11,22,8,0,bert,0,0,32,8,7209.5,7586.530612244898,958.7710160970597
resnet101,0,35,8,0,resnet152,0,52,8,0,vgg19,19,19,8,0,bert,1,7,32,16,24834.5,26352.69387755102,2722.817877127174
resnet101,20,30,8,0,resnet152,0,49,8,0,vgg19,3,22,8,0,bert,11,12,32,8,23938.5,24634.84693877551,1724.6526674988902
resnet101,8,8,8,0,resnet152,0,52,8,0,vgg19,16,22,8,0,bert,0,3,32,64,24234.0,24294.836734693876,324.3829210468529
resnet101,17,35,8,0,resnet152,44,52,8,0,vgg19,0,22,8,0,bert,5,12,32,16,17493.0,17520.20408163265,237.14784672821736
resnet101,13,29,8,0,resnet152,0,48,8,0,vgg19,1,22,8,0,bert,0,6,32,64,31541.0,31526.581632653062,200.122458605102
resnet101,0,35,8,0,resnet152,35,52,8,0,vgg19,16,22,8,0,bert,5,6,32,8,16659.5,17454.683673469386,1772.4677113258304
resnet101,0,31,8,0,resnet152,0,44,8,0,vgg19,3,22,8,0,bert,0,12,32,16,29976.0,29987.418367346938,243.1649277992617
resnet101,0,1,8,0,resnet152,0,52,8,0,vgg19,0,6,8,0,bert,0,12,32,8,24372.5,24403.061224489797,197.91803169991866
resnet101,0,35,8,0,resnet152,0,52,8,0,vgg19,0,13,8,0,bert,0,12,32,16,33041.5,33079.37755102041,195.37199031100678
resnet101,0,35,8,0,resnet152,0,0,8,0,vgg19,19,22,8,0,bert,6,12,32,8,16749.5,17795.897959183672,1993.0843879130593
resnet101,0,24,8,0,resnet152,0,52,8,0,vgg19,0,22,8,0,bert,0,12,32,64,42648.5,42577.9081632653,266.51228431061696
resnet101,33,35,8,0,resnet152,6,52,8,0,vgg19,0,22,8,0,bert,0,12,32,64,32882.0,32914.244897959186,225.43875865196875
resnet101,0,13,8,0,resnet152,14,39,8,0,vgg19,18,18,8,0,bert,3,12,32,8,12321.0,13280.216494845361,1885.6139322734095
resnet101,0,35,8,0,resnet152,0,52,8,0,vgg19,0,19,8,0,bert,0,12,32,64,43601.0,43570.67346938775,269.08244603748193
resnet101,0,35,8,0,resnet152,40,52,8,0,vgg19,0,22,8,0,bert,4,12,32,16,24674.5,24793.714285714286,553.8872463170217
resnet101,0,35,8,0,resnet152,0,15,8,0,vgg19,17,22,8,0,bert,0,12,32,32,21552.5,21502.326530612245,143.94902552357843
resnet101,0,35,8,0,resnet152,0,52,8,0,vgg19,0,22,8,0,bert,0,12,32,8,34249.5,34241.58163265306,206.68387195895738
resnet101,0,35,8,0,resnet152,6,52,8,0,vgg19,12,22,8,0,bert,3,12,32,32,26076.5,26230.15306122449,975.1469627811191
resnet101,4,35,8,0,resnet152,5,52,8,0,vgg19,0,7,8,0,bert,11,12,32,64,23509.0,23699.775510204083,928.804427148173
resnet101,0,35,8,0,resnet152,0,42,8,0,vgg19,0,13,8,0,bert,0,8,32,64,35724.0,35752.91836734694,270.56704150423576
resnet101,0,35,8,0,resnet152,6,52,8,0,vgg19,0,22,8,0,bert,6,12,32,16,30866.5,30913.397959183672,256.04112152973084
resnet101,20,23,8,0,resnet152,35,52,8,0,vgg19,2,22,16,0,bert,0,12,8,64,21424.5,21399.163265306124,240.36815699143727
resnet101,18,35,8,0,resnet152,31,52,8,0,vgg19,0,22,16,0,bert,0,12,8,8,27824.0,27783.80612244898,126.52358481143358
resnet101,0,28,8,0,resnet152,0,52,8,0,vgg19,19,22,16,0,bert,1,12,8,8,24613.5,24960.581632653062,1364.9644753056082
resnet101,0,29,8,0,resnet152,4,52,8,0,vgg19,0,10,16,0,bert,0,0,8,16,32874.5,32879.897959183676,166.85637779887708
resnet101,0,35,8,0,resnet152,1,17,8,0,vgg19,0,17,16,0,bert,0,12,8,8,33537.5,33540.52040816326,195.947110189638
resnet101,0,35,8,0,resnet152,0,23,8,0,vgg19,0,22,16,0,bert,1,12,8,64,38658.5,38650.38775510204,199.7359804614051
resnet101,0,35,8,0,resnet152,0,52,8,0,vgg19,0,22,16,0,bert,1,12,8,8,42507.5,42506.62244897959,223.48905444165936
resnet101,8,35,8,0,resnet152,0,52,8,0,vgg19,0,22,16,0,bert,8,12,8,64,39832.5,39851.051020408166,188.21369598438267
resnet101,0,35,8,0,resnet152,45,52,8,0,vgg19,0,22,16,0,bert,3,12,8,8,31687.5,31670.45918367347,172.96650426985454
resnet101,0,35,8,0,resnet152,5,18,8,0,vgg19,0,22,16,0,bert,10,12,8,16,33054.0,33019.704081632655,157.2855332283682
resnet101,19,35,8,0,resnet152,6,52,8,0,vgg19,0,17,16,0,bert,8,12,8,32,32984.0,33038.489795918365,197.62705780714685
resnet101,0,24,8,0,resnet152,19,24,8,0,vgg19,0,8,16,0,bert,1,12,8,8,20922.0,20840.938775510203,311.4597565096191
resnet101,24,35,8,0,resnet152,0,1,8,0,vgg19,11,12,16,0,bert,0,12,8,32,11368.0,11505.142857142857,581.5767448962189
resnet101,0,13,8,0,resnet152,0,52,8,0,vgg19,3,22,16,0,bert,0,0,8,32,32861.0,32890.67346938775,185.4266330247684
resnet101,21,35,8,0,resnet152,50,50,8,0,vgg19,0,15,16,0,bert,7,9,8,32,21376.0,21371.5,188.23580793184675
resnet101,0,25,8,0,resnet152,19,45,8,0,vgg19,0,22,16,0,bert,0,12,8,32,33111.5,33168.08163265306,192.37716321836822
resnet101,0,31,8,0,resnet152,0,51,8,0,vgg19,0,14,16,0,bert,0,12,8,64,41500.0,41523.4081632653,280.7101358011933
resnet101,0,10,8,0,resnet152,45,52,8,0,vgg19,0,2,16,0,bert,0,10,8,8,11676.5,11687.438775510203,75.41058583278267
resnet101,22,33,8,0,resnet152,44,45,8,0,vgg19,21,21,16,0,bert,0,12,8,64,11761.0,11908.479591836734,712.700716155103
resnet101,0,25,8,0,resnet152,0,52,8,0,vgg19,0,10,16,0,bert,0,7,8,64,36607.0,36633.5,228.6495067538426
resnet101,12,35,8,0,resnet152,14,52,8,0,vgg19,12,22,16,0,bert,0,12,8,16,18560.0,18843.11224489796,1042.4103923966766
resnet101,0,35,8,0,resnet152,0,31,8,0,vgg19,0,10,16,0,bert,0,12,8,64,34548.5,34571.45918367347,189.8110859091942
resnet101,0,35,8,0,resnet152,0,13,8,0,vgg19,0,22,16,0,bert,0,12,8,16,35542.5,35513.61224489796,151.3001903672448
resnet101,9,20,8,0,resnet152,8,52,8,0,vgg19,0,1,16,0,bert,0,6,8,16,20830.5,22423.122448979593,2861.0575334124346
resnet101,18,31,8,0,resnet152,19,28,8,0,vgg19,13,22,16,0,bert,0,12,8,16,12058.5,12135.448979591836,377.7418706819588
resnet101,0,25,8,0,resnet152,0,52,8,0,vgg19,0,22,16,0,bert,0,12,8,16,41340.0,41717.23469387755,850.5729257751161
resnet101,25,26,8,0,resnet152,0,52,8,0,vgg19,0,22,16,0,bert,0,12,8,64,38050.5,38045.989795918365,221.3987304730097
resnet101,0,35,8,0,resnet152,0,24,8,0,vgg19,0,22,16,0,bert,0,12,8,16,38166.0,38075.28571428572,309.48264927792263
resnet101,24,35,8,0,resnet152,0,52,8,0,vgg19,16,22,16,0,bert,1,12,8,16,24489.0,26053.877551020407,3160.784287409829
resnet101,17,17,8,0,resnet152,0,52,8,0,vgg19,3,22,16,0,bert,11,12,8,16,28463.5,28475.95918367347,243.70574086374302
resnet101,26,35,8,0,resnet152,0,52,8,0,vgg19,5,22,16,0,bert,0,12,8,32,27862.5,28002.85714285714,664.2402288574918
resnet101,0,23,8,0,resnet152,23,51,8,0,vgg19,0,22,16,0,bert,11,11,8,8,31840.0,31830.877551020407,174.23841660946627
resnet101,0,0,8,0,resnet152,0,31,8,0,vgg19,21,22,16,0,bert,0,5,8,16,15045.0,15032.591836734693,212.1899340134362
resnet101,0,35,8,0,resnet152,0,52,8,0,vgg19,4,22,16,0,bert,0,12,8,16,35709.0,35674.744897959186,273.1944179974942
resnet101,0,35,8,0,resnet152,0,52,8,0,vgg19,0,22,16,0,bert,0,12,8,64,44986.5,44990.56122448979,224.90315676982223
resnet101,0,31,8,0,resnet152,29,52,8,0,vgg19,0,22,16,0,bert,0,8,8,32,33685.5,33667.56122448979,151.79430673672945
resnet101,0,35,8,0,resnet152,0,52,8,0,vgg19,0,22,16,0,bert,0,12,8,8,42742.0,42747.816326530614,239.32333806298055
resnet101,0,35,8,0,resnet152,20,52,8,0,vgg19,0,1,16,0,bert,0,12,8,16,18542.0,19148.367346938776,1667.0574919248456
resnet101,0,35,8,0,resnet152,0,52,8,0,vgg19,1,12,16,0,bert,0,12,8,32,36349.0,36373.13265306123,246.54476092153982
resnet101,0,31,8,0,resnet152,0,52,8,0,vgg19,0,22,16,0,bert,0,12,8,32,42952.0,42959.88775510204,231.1605980589262
resnet101,23,25,8,0,resnet152,0,15,8,0,vgg19,0,22,16,0,bert,0,12,8,64,28701.5,28656.928571428572,164.11943448449426
resnet101,0,35,8,0,resnet152,35,52,8,0,vgg19,14,22,16,0,bert,3,12,8,32,17054.0,17795.316326530614,1545.9100786805477
resnet101,21,35,8,0,resnet152,0,50,8,0,vgg19,21,22,16,0,bert,1,12,8,32,24281.5,25844.316326530614,2791.2059371553
resnet101,15,35,8,0,resnet152,0,52,8,0,vgg19,0,22,16,0,bert,0,12,8,16,38624.5,38639.9693877551,193.4539155205637
resnet101,0,5,8,0,resnet152,0,11,8,0,vgg19,7,19,16,0,bert,0,12,8,64,19358.0,19343.438775510203,157.1524715452682
resnet101,0,35,8,0,resnet152,0,52,8,0,vgg19,0,22,16,0,bert,0,12,8,32,43646.5,43640.37755102041,208.23875206932607
resnet101,0,35,8,0,resnet152,0,52,8,0,vgg19,4,22,16,0,bert,9,12,8,16,35038.0,35065.78571428572,230.0511145509242
resnet101,0,35,8,0,resnet152,0,36,8,0,vgg19,8,22,16,0,bert,0,12,8,16,27624.0,27636.673469387755,207.67040092072725
resnet101,15,35,8,0,resnet152,0,52,8,0,vgg19,0,19,16,0,bert,0,0,8,8,36852.0,36851.183673469386,194.3869141339139
resnet101,0,35,8,0,resnet152,0,52,8,0,vgg19,12,22,16,0,bert,0,1,8,8,27343.0,27369.5,178.3505061983971
resnet101,34,34,8,0,resnet152,33,34,8,0,vgg19,0,10,16,0,bert,7,12,8,64,16097.0,16101.755102040815,80.29385586890015
resnet101,22,28,8,0,resnet152,0,38,8,0,vgg19,14,22,16,0,bert,1,8,8,64,18414.0,19487.76530612245,1754.9822535356038
resnet101,0,35,8,0,resnet152,33,52,8,0,vgg19,21,22,16,0,bert,9,12,8,16,16891.0,17502.673469387755,1570.5517214355884
resnet101,0,14,8,0,resnet152,0,45,8,0,vgg19,0,0,16,0,bert,0,12,8,32,21650.0,23300.020408163266,2614.1983669232764
resnet101,0,21,8,0,resnet152,0,50,8,0,vgg19,0,22,16,0,bert,0,2,8,16,39865.5,39845.663265306124,194.65495081053567
resnet101,0,35,8,0,resnet152,14,52,8,0,vgg19,0,22,16,0,bert,8,12,8,64,37441.5,37412.4693877551,172.97918974055415
resnet101,29,31,8,0,resnet152,0,51,8,0,vgg19,0,22,16,0,bert,4,12,8,32,35486.0,35509.0918367347,201.88616143326678
resnet101,22,35,8,0,resnet152,15,52,8,0,vgg19,0,22,16,0,bert,0,0,8,8,30627.5,30664.469387755104,143.62488017661707
resnet101,0,3,8,0,resnet152,0,52,8,0,vgg19,0,11,16,0,bert,0,12,8,64,33075.0,33096.295918367345,173.91935787762316
resnet101,5,35,8,0,resnet152,24,48,8,0,vgg19,0,22,16,0,bert,3,12,8,64,33019.5,33009.37755102041,156.99996849773
resnet101,22,35,8,0,resnet152,15,52,8,0,vgg19,0,22,16,0,bert,0,12,8,64,33286.5,33255.67346938775,141.90013558767336
resnet101,0,35,8,0,resnet152,14,51,8,0,vgg19,0,7,16,0,bert,0,0,8,32,26898.0,26899.377551020407,127.92484363286239
resnet101,5,35,8,0,resnet152,22,30,8,0,vgg19,0,22,16,0,bert,4,10,8,32,29298.5,29267.938775510203,141.08593533559974
resnet101,0,35,8,0,resnet152,20,48,8,0,vgg19,0,11,16,0,bert,6,6,8,64,29070.5,29092.79591836735,208.39126069574195
resnet101,20,33,8,0,resnet152,0,38,8,0,vgg19,17,20,16,0,bert,3,12,8,16,18362.5,18381.969387755104,166.77557045210534
resnet101,0,35,8,0,resnet152,0,52,8,0,vgg19,0,2,16,0,bert,0,4,8,16,28104.0,28405.877551020407,1111.6406267159502
resnet101,2,35,8,0,resnet152,45,52,8,0,vgg19,0,16,16,0,bert,3,9,8,32,29080.0,29077.102040816328,190.29474934555637
resnet101,0,35,8,0,resnet152,0,52,8,0,vgg19,0,22,16,0,bert,0,4,8,8,42391.0,42400.63265306123,265.25714854108065
resnet101,0,35,8,0,resnet152,0,47,8,0,vgg19,5,5,16,0,bert,0,4,8,64,22591.5,23083.867346938776,1574.704952200506
resnet101,0,35,8,0,resnet152,0,8,8,0,vgg19,0,22,16,0,bert,0,12,8,32,34848.0,34814.65306122449,156.5263948557791
resnet101,5,35,8,0,resnet152,0,52,8,0,vgg19,0,22,16,0,bert,0,12,8,64,42387.0,42394.91836734694,177.1789521676093
resnet101,22,27,8,0,resnet152,0,17,8,0,vgg19,18,22,16,0,bert,8,12,8,32,9243.0,9591.612244897959,813.0331548408531
resnet101,0,19,8,0,resnet152,0,7,8,0,vgg19,0,16,16,0,bert,0,12,8,64,30165.5,30172.377551020407,76.90817680395644
resnet101,0,35,8,0,resnet152,0,52,8,0,vgg19,8,22,16,0,bert,0,12,8,16,31546.0,31703.14285714286,1009.7274536290695
resnet101,13,35,8,0,resnet152,49,52,8,0,vgg19,0,2,16,0,bert,0,12,8,16,12007.5,12369.367346938776,1256.439270544514
resnet101,6,33,8,0,resnet152,0,9,8,0,vgg19,0,22,16,0,bert,10,12,8,16,30230.0,30210.438775510203,165.12562109302652
resnet101,19,30,8,0,resnet152,0,52,8,0,vgg19,10,20,16,0,bert,11,12,8,32,24389.0,25319.551020408162,2068.077723850512
resnet101,5,35,8,0,resnet152,0,52,8,0,vgg19,0,22,16,0,bert,0,12,8,32,41023.5,41017.836734693876,206.5566925131956
resnet101,21,35,8,0,resnet152,0,52,8,0,vgg19,21,22,16,0,bert,0,12,8,16,24514.5,24572.785714285714,293.4128612430906
resnet101,4,17,8,0,resnet152,0,52,8,0,vgg19,1,6,16,0,bert,11,12,8,32,24796.5,24804.98979591837,256.80694308823837
resnet101,22,33,8,0,resnet152,2,33,8,0,vgg19,17,22,16,0,bert,0,6,8,8,18327.5,17429.785714285714,1814.751628870958
resnet101,0,35,8,0,resnet152,37,52,8,0,vgg19,0,19,16,0,bert,6,12,8,64,33260.0,33229.5,165.73437378245112
resnet101,30,35,8,0,resnet152,37,52,8,0,vgg19,10,22,16,0,bert,0,12,8,32,11862.5,11880.30612244898,205.0526268020822
resnet101,0,35,8,0,resnet152,39,52,8,0,vgg19,0,22,16,0,bert,0,12,8,32,33563.5,33554.26530612245,130.31958762512963
resnet101,0,35,8,0,resnet152,21,52,8,0,vgg19,17,20,16,0,bert,7,12,8,16,16747.5,16908.622448979593,728.9149262431968
resnet101,0,35,8,0,resnet152,0,52,8,0,vgg19,0,22,16,0,bert,7,12,8,64,43511.0,43469.04081632653,248.66561919727098
resnet101,0,35,8,0,resnet152,46,52,8,0,vgg19,13,22,16,0,bert,7,12,8,64,16727.0,16930.581632653062,1133.2053682371152
resnet101,0,12,8,0,resnet152,20,52,8,0,vgg19,0,22,16,0,bert,0,12,8,32,32676.5,32654.755102040817,173.4919313082635
resnet101,0,35,8,0,resnet152,0,52,8,0,vgg19,14,22,16,0,bert,4,12,8,8,25743.0,26068.581632653062,1080.227611346656
resnet101,0,35,8,0,resnet152,0,13,8,0,vgg19,1,22,16,0,bert,0,11,8,64,34800.5,34775.92857142857,127.59280336048643
resnet101,9,35,8,0,resnet152,36,44,8,0,vgg19,0,11,16,0,bert,0,1,8,8,21866.0,21865.26530612245,319.15953246563356
resnet101,32,35,8,0,resnet152,44,52,8,0,vgg19,0,22,16,0,bert,11,12,8,16,21875.5,21850.275510204083,171.29457743137334
resnet101,0,35,8,0,resnet152,0,52,8,0,vgg19,2,22,16,0,bert,0,12,8,64,39614.5,39627.0306122449,208.66907959057133
resnet101,0,35,8,0,resnet152,0,52,8,0,vgg19,13,22,16,0,bert,6,8,8,32,26643.5,26956.091836734693,1319.5106861066674
resnet101,0,35,8,0,resnet152,0,26,8,0,vgg19,0,22,16,0,bert,0,12,8,64,39396.5,39372.58163265306,100.54189130675097
resnet101,0,35,8,0,resnet152,0,52,8,0,vgg19,0,22,16,0,bert,9,12,16,8,42465.5,42459.84693877551,247.46809120389295
resnet101,21,35,8,0,resnet152,0,17,8,0,vgg19,17,19,16,0,bert,0,12,16,8,11889.0,12057.724489795919,771.9092124449562
resnet101,0,34,8,0,resnet152,32,48,8,0,vgg19,6,22,16,0,bert,4,4,16,8,23185.5,23210.918367346938,267.8366724928241
resnet101,16,35,8,0,resnet152,0,52,8,0,vgg19,0,10,16,0,bert,0,12,16,16,33298.5,33457.65306122449,854.6352856454153
resnet101,0,35,8,0,resnet152,0,52,8,0,vgg19,0,22,16,0,bert,0,12,16,64,47755.0,47761.34693877551,215.80452710543474
resnet101,21,33,8,0,resnet152,13,52,8,0,vgg19,2,22,16,0,bert,0,11,16,32,28078.5,28128.102040816328,209.72413804201872
resnet101,0,35,8,0,resnet152,0,52,8,0,vgg19,0,22,16,0,bert,0,12,16,32,44985.0,44994.87755102041,204.6094969221546
resnet101,25,35,8,0,resnet152,32,42,8,0,vgg19,0,22,16,0,bert,2,12,16,64,28791.5,28849.95918367347,171.3894549638425
resnet101,34,34,8,0,resnet152,12,52,8,0,vgg19,0,0,16,0,bert,0,12,16,16,18975.5,19635.5,1756.090667839639
resnet101,0,20,8,0,resnet152,29,52,8,0,vgg19,8,18,16,0,bert,2,5,16,16,18118.5,18099.275510204083,249.60960459560116
resnet101,21,32,8,0,resnet152,5,52,8,0,vgg19,1,22,16,0,bert,0,7,16,8,31888.0,31904.48979591837,160.10737754662122
resnet101,0,35,8,0,resnet152,0,48,8,0,vgg19,0,22,16,0,bert,0,12,16,8,42119.0,42102.255102040814,203.18009058139296
resnet101,8,17,8,0,resnet152,0,35,8,0,vgg19,12,22,16,0,bert,10,10,16,32,17229.0,17836.85714285714,1811.7364485994294
resnet101,0,35,8,0,resnet152,44,52,8,0,vgg19,0,22,16,0,bert,11,12,16,64,32051.0,32007.591836734693,183.43523779245183
resnet101,7,11,8,0,resnet152,0,52,8,0,vgg19,0,22,16,0,bert,0,9,16,32,37337.5,37324.88775510204,203.0861827037096
resnet101,0,35,8,0,resnet152,0,52,8,0,vgg19,0,22,16,0,bert,9,12,16,16,42667.0,42635.5306122449,237.48775281340266
resnet101,0,17,8,0,resnet152,6,52,8,0,vgg19,0,22,16,0,bert,0,12,16,16,37620.0,37677.71428571428,198.01880966108203
resnet101,0,35,8,0,resnet152,0,52,8,0,vgg19,10,22,16,0,bert,4,9,16,64,30617.5,30682.051020408162,672.4588656329445
resnet101,0,35,8,0,resnet152,51,52,8,0,vgg19,0,1,16,0,bert,10,10,16,32,16582.0,17804.520408163266,2143.340403743232
resnet101,0,35,8,0,resnet152,0,41,8,0,vgg19,8,13,16,0,bert,6,12,16,8,24692.0,24722.081632653062,542.8420801193979
resnet101,33,35,8,0,resnet152,15,26,8,0,vgg19,0,4,16,0,bert,0,0,16,16,10371.0,10481.742268041236,617.1430397504146
resnet101,0,35,8,0,resnet152,33,52,8,0,vgg19,14,19,16,0,bert,0,12,16,8,17006.0,17068.01020408163,407.33102155417345
resnet101,17,35,8,0,resnet152,0,52,8,0,vgg19,0,22,16,0,bert,5,12,16,64,40879.5,40876.448979591834,228.0901237225652
resnet101,7,35,8,0,resnet152,0,52,8,0,vgg19,0,22,16,0,bert,8,12,16,32,40182.5,40170.45918367347,80.50100371631159
resnet101,16,17,8,0,resnet152,0,29,8,0,vgg19,0,13,16,0,bert,0,12,16,16,26411.5,26403.826530612245,161.52708912320685
resnet101,20,35,8,0,resnet152,0,52,8,0,vgg19,7,20,16,0,bert,3,6,16,8,26478.0,26468.326530612245,231.74822613460233
resnet101,0,35,8,0,resnet152,24,32,8,0,vgg19,0,22,16,0,bert,0,12,16,16,32770.0,32750.80612244898,149.9492198510689
resnet101,10,35,8,0,resnet152,46,52,8,0,vgg19,8,22,16,0,bert,0,12,16,32,17682.0,17726.714285714286,326.2562533609783
resnet101,0,35,8,0,resnet152,0,49,8,0,vgg19,0,10,16,0,bert,0,11,16,8,36796.0,36832.0306122449,235.0548548257963
resnet101,19,35,8,0,resnet152,22,43,8,0,vgg19,12,22,16,0,bert,0,4,16,64,14408.0,14406.602040816326,71.87016919643966
resnet101,0,3,8,0,resnet152,0,22,8,0,vgg19,0,22,16,0,bert,0,12,16,16,29941.0,29984.826530612245,152.3945621124085
resnet101,0,35,8,0,resnet152,0,52,8,0,vgg19,11,22,16,0,bert,1,12,16,32,30488.0,30961.908163265307,1478.9467783523066
resnet101,0,35,8,0,resnet152,37,52,8,0,vgg19,0,22,16,0,bert,1,12,16,16,33807.5,33786.84693877551,143.6692880450223
resnet101,0,11,8,0,resnet152,0,52,8,0,vgg19,0,1,16,0,bert,0,12,16,32,24530.5,25292.908163265307,2211.8228426988408
resnet101,0,24,8,0,resnet152,2,11,8,0,vgg19,7,22,16,0,bert,11,12,16,16,19862.5,19934.928571428572,160.75093232979384
resnet101,0,16,8,0,resnet152,0,52,8,0,vgg19,0,22,16,0,bert,0,12,16,8,40163.0,40160.34693877551,166.77579365055277
